set_nA,rep,true_nA,dev_nA,dev_ext_nA,m,n,int1,int2,ext1,ext2,t_ms,mode,wave_min,wave_max,wave_mean,wave_bad,rng_A,baud,warmup,t_settle_ms,t_warm_ms,t_meas_ms,t_xfer_ms,npz,line
0.001,1,0.0008270978,0.001,0.001,156289,156211,30303,31081,30303,31081,50000,2,2066,59532,30778.6,0,1e-09,115200,always,3259,1024,50568,1108,w_p0000_0010_r1.npz,I=+0.001 nA X=+0.001 nA MODE=2 T=50000ms CAL=+0.001 RAW m=156289 n=156211 INT1=30303 INT2=31081 EXT1=30303 EXT2=31081
0.001,2,0.0008198738,0.001,0.001,156298,156202,30344,40429,30344,40429,50000,2,2047,59574,30778.1,0,1e-09,115200,always,3259,1024,50523,1096,w_p0000_0010_r2.npz,I=+0.001 nA X=+0.001 nA MODE=2 T=50000ms CAL=+0.001 RAW m=156298 n=156202 INT1=30344 INT2=40429 EXT1=30344 EXT2=40429
0.001,3,0.0008223415,0.001,0.001,156300,156200,30727,42890,30727,42890,50000,2,1938,59518,30797.2,0,1e-09,115200,always,3259,1024,50614,1096,w_p0000_0010_r3.npz,I=+0.001 nA X=+0.001 nA MODE=2 T=50000ms CAL=+0.001 RAW m=156300 n=156200 INT1=30727 INT2=42890 EXT1=30727 EXT2=42890
0.002,1,0.001836038,0.002,0.002,156264,156236,31213,9811,31213,9811,50000,2,2065,59543,30773.2,0,1e-09,115200,always,3495,1015,50528,1096,w_p0000_0020_r1.npz,I=+0.002 nA X=+0.002 nA MODE=2 T=50000ms CAL=+0.002 RAW m=156264 n=156236 INT1=31213 INT2=9811 EXT1=31213 EXT2=9811
0.002,2,0.001837552,0.002,0.002,156305,156195,31051,51488,31051,51488,50000,2,1752,59549,30776.4,0,1e-09,115200,always,3495,1015,50558,1096,w_p0000_0020_r2.npz,I=+0.002 nA X=+0.002 nA MODE=2 T=50000ms CAL=+0.002 RAW m=156305 n=156195 INT1=31051 INT2=51488 EXT1=31051 EXT2=51488
0.002,3,0.0018391129999999999,0.002,0.002,156275,156225,30277,20156,30277,20156,50000,2,2004,59511,30785.8,0,1e-09,115200,always,3495,1015,50616,1096,w_p0000_0020_r3.npz,I=+0.002 nA X=+0.002 nA MODE=2 T=50000ms CAL=+0.002 RAW m=156275 n=156225 INT1=30277 INT2=20156 EXT1=30277 EXT2=20156
0.004,1,0.003869247,0.004,0.004,156266,156234,30636,17965,30636,17965,50000,2,2036,59576,30786.5,0,1e-09,115200,always,3493,1017,50605,1096,w_p0000_0040_r1.npz,I=+0.004 nA X=+0.004 nA MODE=2 T=50000ms CAL=+0.004 RAW m=156266 n=156234 INT1=30636 INT2=17965 EXT1=30636 EXT2=17965
0.004,2,0.0038697830000000003,0.004,0.004,156264,156236,30864,15929,30864,15929,50000,2,2002,59504,30765.9,0,1e-09,115200,always,3493,1017,50643,1096,w_p0000_0040_r2.npz,I=+0.004 nA X=+0.004 nA MODE=2 T=50000ms CAL=+0.004 RAW m=156264 n=156236 INT1=30864 INT2=15929 EXT1=30864 EXT2=15929
0.004,3,0.003867698,0.004,0.004,156285,156215,31226,37747,31226,37747,50000,2,1894,59536,30771.4,0,1e-09,115200,always,3493,1017,50587,1096,w_p0000_0040_r3.npz,I=+0.004 nA X=+0.004 nA MODE=2 T=50000ms CAL=+0.004 RAW m=156285 n=156215 INT1=31226 INT2=37747 EXT1=31226 EXT2=37747
0.006,1,0.005834327,0.006,0.006,156269,156231,30879,27436,30879,27436,50000,2,,,,,1e-09,115200,always,3495,1015,50660,3,w_p0000_0060_r1.npz,I=+0.006 nA X=+0.006 nA MODE=2 T=50000ms CAL=+0.006 RAW m=156269 n=156231 INT1=30879 INT2=27436 EXT1=30879 EXT2=27436
0.006,2,0.005825134444444445,0.006,0.006,31253,31247,30596,28991,30596,28991,10000,2,1958,59463,30808.1,0,1e-09,115200,always,3495,1015,11227,1096,w_p0000_0060_r2.npz,I=+0.006 nA X=+0.006 nA MODE=2 T=10000ms CAL=+0.006 RAW m=31253 n=31247 INT1=30596 INT2=28991 EXT1=30596 EXT2=28991
0.006,3,0.00582459111111111,0.006,0.006,31256,31244,30427,31922,30427,31922,10000,2,2014,59512,30801.8,0,1e-09,115200,always,3495,1015,11243,1096,w_p0000_0060_r3.npz,I=+0.006 nA X=+0.006 nA MODE=2 T=10000ms CAL=+0.006 RAW m=31256 n=31244 INT1=30427 INT2=31922 EXT1=30427 EXT2=31922
0.008,1,0.007855988,0.008,0.008,156273,156227,31039,38079,31039,38079,50000,2,1980,59566,30765.5,0,1e-09,115200,always,3495,1015,50550,1096,w_p0000_0080_r1.npz,I=+0.008 nA X=+0.008 nA MODE=2 T=50000ms CAL=+0.008 RAW m=156273 n=156227 INT1=31039 INT2=38079 EXT1=31039 EXT2=38079
0.008,2,0.007857527,0.008,0.008,156256,156244,30424,20296,30424,20296,50000,2,2000,59473,30789.0,0,1e-09,115200,always,3495,1015,50559,1096,w_p0000_0080_r2.npz,I=+0.008 nA X=+0.008 nA MODE=2 T=50000ms CAL=+0.008 RAW m=156256 n=156244 INT1=30424 INT2=20296 EXT1=30424 EXT2=20296
0.008,3,0.007862722999999999,0.008,0.008,156264,156236,31009,29017,31009,29017,50000,2,1886,59543,30777.1,0,1e-09,115200,always,3495,1015,50517,1096,w_p0000_0080_r3.npz,I=+0.008 nA X=+0.008 nA MODE=2 T=50000ms CAL=+0.008 RAW m=156264 n=156236 INT1=31009 INT2=29017 EXT1=31009 EXT2=29017
0.01,1,0.009830988,0.01,0.01,156274,156226,31172,45624,31172,45624,50000,2,1798,59413,30771.0,0,1e-09,115200,always,3495,1013,50628,1096,w_p0000_0100_r1.npz,I=+0.010 nA X=+0.010 nA MODE=2 T=50000ms CAL=+0.010 RAW m=156274 n=156226 INT1=31172 INT2=45624 EXT1=31172 EXT2=45624
0.01,2,0.009830667000000001,0.01,0.01,156275,156225,30556,46133,30556,46133,50000,2,1899,59500,30782.9,0,1e-09,115200,always,3495,1013,50628,1096,w_p0000_0100_r2.npz,I=+0.010 nA X=+0.010 nA MODE=2 T=50000ms CAL=+0.010 RAW m=156275 n=156225 INT1=30556 INT2=46133 EXT1=30556 EXT2=46133
0.01,3,0.009824812,0.01,0.01,156269,156231,30765,40087,30765,40087,50000,2,2124,59467,30783.4,0,1e-09,115200,always,3495,1013,50513,1096,w_p0000_0100_r3.npz,I=+0.010 nA X=+0.010 nA MODE=2 T=50000ms CAL=+0.010 RAW m=156269 n=156231 INT1=30765 INT2=40087 EXT1=30765 EXT2=40087
0.015,1,0.014841070000000001,0.015,0.015,156234,156266,30913,20587,30913,20587,50000,2,2022,59525,30774.1,0,1e-09,115200,always,3495,1016,50558,1096,w_p0000_0150_r1.npz,I=+0.015 nA X=+0.015 nA MODE=2 T=50000ms CAL=+0.015 RAW m=156234 n=156266 INT1=30913 INT2=20587 EXT1=30913 EXT2=20587
0.015,2,0.01484558,0.015,0.015,156256,156244,30889,43067,30889,43067,50000,2,2048,59555,30769.1,0,1e-09,115200,always,3495,1016,50590,1096,w_p0000_0150_r2.npz,I=+0.015 nA X=+0.015 nA MODE=2 T=50000ms CAL=+0.015 RAW m=156256 n=156244 INT1=30889 INT2=43067 EXT1=30889 EXT2=43067
0.015,3,0.014839399999999999,0.015,0.015,156264,156236,30560,50842,30560,50842,50000,2,2024,59443,30775.6,0,1e-09,115200,always,3495,1016,50731,1096,w_p0000_0150_r3.npz,I=+0.015 nA X=+0.015 nA MODE=2 T=50000ms CAL=+0.015 RAW m=156264 n=156236 INT1=30560 INT2=50842 EXT1=30560 EXT2=50842
0.02,1,0.019857769999999997,0.02,0.02,156221,156279,31030,23540,31030,23540,50000,2,1959,59521,30771.1,0,1e-09,115200,always,3495,1020,50633,1096,w_p0000_0200_r1.npz,I=+0.020 nA X=+0.020 nA MODE=2 T=50000ms CAL=+0.020 RAW m=156221 n=156279 INT1=31030 INT2=23540 EXT1=31030 EXT2=23540
0.02,2,0.01985325,0.02,0.02,156205,156295,30930,7085,30930,7085,50000,2,2075,59487,30771.9,0,1e-09,115200,always,3495,1020,50571,1096,w_p0000_0200_r2.npz,I=+0.020 nA X=+0.020 nA MODE=2 T=50000ms CAL=+0.020 RAW m=156205 n=156295 INT1=30930 INT2=7085 EXT1=30930 EXT2=7085
0.02,3,0.01985611,0.02,0.02,156210,156290,31311,12559,31311,12559,50000,2,1987,59471,30769.7,0,1e-09,115200,always,3495,1020,50544,1096,w_p0000_0200_r3.npz,I=+0.020 nA X=+0.020 nA MODE=2 T=50000ms CAL=+0.020 RAW m=156210 n=156290 INT1=31311 INT2=12559 EXT1=31311 EXT2=12559
0.03,1,0.02981536666666667,0.03,0.03,31249,31251,31198,40964,31198,40964,10000,2,1973,59465,30756.3,0,1e-09,115200,always,3497,1014,11225,1096,w_p0000_0300_r1.npz,I=+0.030 nA X=+0.030 nA MODE=2 T=10000ms CAL=+0.030 RAW m=31249 n=31251 INT1=31198 INT2=40964 EXT1=31198 EXT2=40964
0.03,2,0.029816799999999994,0.03,0.03,31244,31256,30803,35689,30803,35689,10000,2,2046,59512,30747.8,0,1e-09,115200,always,3497,1014,11230,1096,w_p0000_0300_r2.npz,I=+0.030 nA X=+0.030 nA MODE=2 T=10000ms CAL=+0.030 RAW m=31244 n=31256 INT1=30803 INT2=35689 EXT1=30803 EXT2=35689
0.03,3,0.029821433333333335,0.03,0.03,31241,31259,31113,32742,31113,32742,10000,2,1929,59592,30753.5,0,1e-09,115200,always,3497,1014,11228,1096,w_p0000_0300_r3.npz,I=+0.030 nA X=+0.030 nA MODE=2 T=10000ms CAL=+0.030 RAW m=31241 n=31259 INT1=31113 INT2=32742 EXT1=31113 EXT2=32742
0.05,1,0.049816233333333335,0.05,0.05,31232,31268,30198,35462,30198,35462,10000,2,1851,59482,30800.5,0,1e-09,115200,always,3496,1018,11255,1097,w_p0000_0500_r1.npz,I=+0.050 nA X=+0.050 nA MODE=2 T=10000ms CAL=+0.050 RAW m=31232 n=31268 INT1=30198 INT2=35462 EXT1=30198 EXT2=35462
0.05,2,0.049811520000000005,0.05,0.05,31224,31276,31254,28375,31254,28375,10000,2,1989,59544,30753.1,0,1e-09,115200,always,3496,1018,12033,1096,w_p0000_0500_r2.npz,I=+0.050 nA X=+0.050 nA MODE=2 T=10000ms CAL=+0.050 RAW m=31224 n=31276 INT1=31254 INT2=28375 EXT1=31254 EXT2=28375
0.05,3,0.0498106,0.05,0.05,31224,31276,31004,27944,31004,27944,10000,2,2013,59536,30748.1,0,1e-09,115200,always,3496,1018,11248,1096,w_p0000_0500_r3.npz,I=+0.050 nA X=+0.050 nA MODE=2 T=10000ms CAL=+0.050 RAW m=31224 n=31276 INT1=31004 INT2=27944 EXT1=31004 EXT2=27944
0.1,1,0.09983181111111111,0.1,0.1,31202,31298,30525,37261,30525,37261,10000,2,2050,59531,30797.3,0,1e-09,115200,always,3496,1023,11231,1096,w_p0000_1000_r1.npz,I=+0.100 nA X=+0.100 nA MODE=2 T=10000ms CAL=+0.100 RAW m=31202 n=31298 INT1=30525 INT2=37261 EXT1=30525 EXT2=37261
0.1,2,0.09982587777777778,0.1,0.1,31191,31309,31304,26753,31304,26753,10000,2,2005,59542,30761.2,0,1e-09,115200,always,3496,1023,11228,1096,w_p0000_1000_r2.npz,I=+0.100 nA X=+0.100 nA MODE=2 T=10000ms CAL=+0.100 RAW m=31191 n=31309 INT1=31304 INT2=26753 EXT1=31304 EXT2=26753
0.1,3,0.09983214,0.1,0.1,31188,31312,31193,23647,31193,23647,10000,2,2014,59520,30755.8,0,1e-09,115200,always,3496,1023,12452,1096,w_p0000_1000_r3.npz,I=+0.100 nA X=+0.100 nA MODE=2 T=10000ms CAL=+0.100 RAW m=31188 n=31312 INT1=31193 INT2=23647 EXT1=31193 EXT2=23647
0.2,1,0.19985144444444444,0.2,0.2,31131,31369,30690,29102,30690,29102,10000,2,1989,59483,30808.2,0,1e-09,115200,always,3496,1026,11228,1096,w_p0000_2000_r1.npz,I=+0.200 nA X=+0.200 nA MODE=2 T=10000ms CAL=+0.200 RAW m=31131 n=31369 INT1=30690 INT2=29102 EXT1=30690 EXT2=29102
0.2,2,0.1998567,0.2,0.2,31148,31352,30903,46620,30903,46620,10000,2,2069,59441,30760.7,0,1e-09,115200,always,3496,1026,12031,1096,w_p0000_2000_r2.npz,I=+0.200 nA X=+0.200 nA MODE=2 T=10000ms CAL=+0.200 RAW m=31148 n=31352 INT1=30903 INT2=46620 EXT1=30903 EXT2=46620
0.2,3,0.19985644444444448,0.2,0.2,31148,31352,31203,46972,31203,46972,10000,2,2109,59496,30760.2,0,1e-09,115200,always,3496,1026,11228,1096,w_p0000_2000_r3.npz,I=+0.200 nA X=+0.200 nA MODE=2 T=10000ms CAL=+0.200 RAW m=31148 n=31352 INT1=31203 INT2=46972 EXT1=31203 EXT2=46972
0.3,1,0.2998676666666667,0.3,0.3,31061,31439,30630,21697,30630,21697,10000,2,1938,59482,30807.9,0,1e-09,115200,always,3496,1026,11309,1096,w_p0000_3000_r1.npz,I=+0.300 nA X=+0.300 nA MODE=2 T=10000ms CAL=+0.300 RAW m=31061 n=31439 INT1=30630 INT2=21697 EXT1=30630 EXT2=21697
0.3,2,0.2998706666666667,0.3,0.3,31089,31411,30807,50357,30807,50357,10000,2,2047,59472,30766.7,0,1e-09,115200,always,3496,1026,11282,1097,w_p0000_3000_r2.npz,I=+0.300 nA X=+0.300 nA MODE=2 T=10000ms CAL=+0.300 RAW m=31089 n=31411 INT1=30807 INT2=50357 EXT1=30807 EXT2=50357
0.3,3,0.2998725,0.3,0.3,31075,31425,31168,36649,31168,36649,10000,2,1954,59566,30769.2,0,1e-09,115200,always,3496,1026,12590,1096,w_p0000_3000_r3.npz,I=+0.300 nA X=+0.300 nA MODE=2 T=10000ms CAL=+0.300 RAW m=31075 n=31425 INT1=31168 INT2=36649 EXT1=31168 EXT2=36649
0.5,1,0.499901888888889,0.5,0.5,30937,31563,30755,23553,30755,23553,10000,2,1969,59570,30809.4,0,1e-09,115200,always,3517,1026,11261,1096,w_p0000_5000_r1.npz,I=+0.500 nA X=+0.500 nA MODE=2 T=10000ms CAL=+0.500 RAW m=30937 n=31563 INT1=30755 INT2=23553 EXT1=30755 EXT2=23553
0.5,2,0.4999068,0.5,0.5,30947,31553,31263,34139,31263,34139,10000,2,1980,59475,30758.8,0,1e-09,115200,always,3517,1026,12063,1096,w_p0000_5000_r2.npz,I=+0.500 nA X=+0.500 nA MODE=2 T=10000ms CAL=+0.500 RAW m=30947 n=31553 INT1=31263 INT2=34139 EXT1=31263 EXT2=34139
0.5,3,0.4998948888888889,0.5,0.5,30944,31556,31084,30946,31084,30946,10000,2,2091,59460,30755.0,0,1e-09,115200,always,3517,1026,11234,1096,w_p0000_5000_r3.npz,I=+0.500 nA X=+0.500 nA MODE=2 T=10000ms CAL=+0.500 RAW m=30944 n=31556 INT1=31084 INT2=30946 EXT1=31084 EXT2=30946
1.0,1,0.999903,1.004,1.004,3072,3178,31107,40560,31107,40560,1000,1,2003,59488,30778.7,0,1e-09,115200,always,3497,1026,1204,1096,w_p0001_0000_r1.npz,I=+1.004 nA X=+1.004 nA MODE=1 T=1000ms CAL=+1.004 RAW m=3072 n=3178 INT1=31107 INT2=40560 EXT1=31107 EXT2=40560
1.0,2,0.999909,1.0,1.0,3053,3197,30538,20361,30538,20361,1000,1,2040,59527,30802.7,0,1e-09,115200,always,3497,1026,1609,1096,w_p0001_0000_r2.npz,I=+1.000 nA X=+1.000 nA MODE=1 T=1000ms CAL=+1.000 RAW m=3053 n=3197 INT1=30538 INT2=20361 EXT1=30538 EXT2=20361
1.0,3,0.9999059,0.999,0.999,30632,31868,31292,33266,31292,33266,10000,2,2040,59480,30754.2,0,1e-09,115200,always,3497,1026,12068,1096,w_p0001_0000_r3.npz,I=+0.999 nA X=+0.999 nA MODE=2 T=10000ms CAL=+0.999 RAW m=30632 n=31868 INT1=31292 INT2=33266 EXT1=31292 EXT2=33266
2.0,1,1.9987350000000002,2.0,2.0,3017,3233,31107,48309,31107,48309,1000,1,2058,59477,30762.6,0,1e-08,115200,always,3496,1027,1187,1096,w_p0002_0000_r1.npz,I=+2.000 nA X=+2.000 nA MODE=1 T=1000ms CAL=+2.000 RAW m=3017 n=3233 INT1=31107 INT2=48309 EXT1=31107 EXT2=48309
2.0,2,1.9986766666666667,1.996,1.996,2981,3269,30765,11017,30765,11017,1000,1,2033,59496,30859.0,0,1e-08,115200,always,3496,1027,1181,1096,w_p0002_0000_r2.npz,I=+1.996 nA X=+1.996 nA MODE=1 T=1000ms CAL=+1.996 RAW m=2981 n=3269 INT1=30765 INT2=11017 EXT1=30765 EXT2=11017
2.0,3,1.998733333333333,1.996,1.996,2988,3262,30288,17632,30288,17632,1000,1,2060,59493,30824.1,0,1e-08,115200,always,3496,1027,1181,1096,w_p0002_0000_r3.npz,I=+1.996 nA X=+1.996 nA MODE=1 T=1000ms CAL=+1.996 RAW m=2988 n=3262 INT1=30288 INT2=17632 EXT1=30288 EXT2=17632
4.0,1,3.99882,3.999,3.999,2896,3354,31133,53060,31133,53060,1000,1,2095,59634,30715.1,0,1e-08,115200,always,3497,1028,1179,1096,w_p0004_0000_r1.npz,I=+3.999 nA X=+3.999 nA MODE=1 T=1000ms CAL=+3.999 RAW m=2896 n=3354 INT1=31133 INT2=53060 EXT1=31133 EXT2=53060
4.0,2,3.9988433333333333,3.996,3.996,2852,3398,30307,7186,30307,7186,1000,1,2204,59582,30879.6,0,1e-08,115200,always,3497,1028,1180,1096,w_p0004_0000_r2.npz,I=+3.996 nA X=+3.996 nA MODE=1 T=1000ms CAL=+3.996 RAW m=2852 n=3398 INT1=30307 INT2=7186 EXT1=30307 EXT2=7186
4.0,3,3.9989650000000005,3.996,3.996,2852,3398,30361,7206,30361,7206,1000,1,2299,59600,30886.9,0,1e-08,115200,always,3497,1028,1187,1096,w_p0004_0000_r3.npz,I=+3.996 nA X=+3.996 nA MODE=1 T=1000ms CAL=+3.996 RAW m=2852 n=3398 INT1=30361 INT2=7206 EXT1=30361 EXT2=7206
