point_nA,rep,mode,t_ms,dev_nA,dev_ext_nA,m,n,int1,int2,ext1,ext2,line,true_nA,dev_avg_nA
45,1,1,1000,45.45,45.45,325,5925,30617,58168,30617,58168,I=+45.450 nA X=+45.450 nA MODE=1 T=1000ms RAW m=325 n=5925 INT1=30617 INT2=58168 EXT1=30617 EXT2=58168,44.99782727272728,45.44866666666667
45,2,1,1000,45.448,45.448,325,5925,30759,58198,30759,58198,I=+45.448 nA X=+45.448 nA MODE=1 T=1000ms RAW m=325 n=5925 INT1=30759 INT2=58198 EXT1=30759 EXT2=58198,44.99782727272728,45.44866666666667
45,3,1,1000,45.448,45.448,325,5925,30768,58223,30768,58223,I=+45.448 nA X=+45.448 nA MODE=1 T=1000ms RAW m=325 n=5925 INT1=30768 INT2=58223 EXT1=30768 EXT2=58223,44.99782727272728,45.44866666666667
40,1,1,1000,40.422,40.422,589,5661,30767,7035,30767,7035,I=+40.422 nA X=+40.422 nA MODE=1 T=1000ms RAW m=589 n=5661 INT1=30767 INT2=7035 EXT1=30767 EXT2=7035,39.99875,40.422666666666665
40,2,1,1000,40.423,40.423,589,5661,30743,7071,30743,7071,I=+40.423 nA X=+40.423 nA MODE=1 T=1000ms RAW m=589 n=5661 INT1=30743 INT2=7071 EXT1=30743 EXT2=7071,39.99875,40.422666666666665
40,3,1,1000,40.423,40.423,589,5661,30756,7064,30756,7064,I=+40.423 nA X=+40.423 nA MODE=1 T=1000ms RAW m=589 n=5661 INT1=30756 INT2=7064 EXT1=30756 EXT2=7064,39.99875,40.422666666666665
35,1,1,1000,35.344,35.344,950,5300,30698,54533,30698,54533,I=+35.344 nA X=+35.344 nA MODE=1 T=1000ms RAW m=950 n=5300 INT1=30698 INT2=54533 EXT1=30698 EXT2=54533,34.99763636363636,35.346
35,2,1,1000,35.348,35.348,945,5305,30529,49340,30529,49340,I=+35.348 nA X=+35.348 nA MODE=1 T=1000ms RAW m=945 n=5305 INT1=30529 INT2=49340 EXT1=30529 EXT2=49340,34.99763636363636,35.346
35,3,1,1000,35.346,35.346,944,5306,30734,48387,30734,48387,I=+35.346 nA X=+35.346 nA MODE=1 T=1000ms RAW m=944 n=5306 INT1=30734 INT2=48387 EXT1=30734 EXT2=48387,34.99763636363636,35.346
30,1,1,1000,30.314,30.314,1225,5025,30615,14566,30615,14566,I=+30.314 nA X=+30.314 nA MODE=1 T=1000ms RAW m=1225 n=5025 INT1=30615 INT2=14566 EXT1=30615 EXT2=14566,29.998149999999995,30.314666666666668
30,2,1,1000,30.315,30.315,1225,5025,30480,14472,30480,14472,I=+30.315 nA X=+30.315 nA MODE=1 T=1000ms RAW m=1225 n=5025 INT1=30480 INT2=14472 EXT1=30480 EXT2=14472,29.998149999999995,30.314666666666668
30,3,1,1000,30.315,30.315,1225,5025,30706,14734,30706,14734,I=+30.315 nA X=+30.315 nA MODE=1 T=1000ms RAW m=1225 n=5025 INT1=30706 INT2=14734 EXT1=30706 EXT2=14734,29.998149999999995,30.314666666666668
25,1,1,1000,25.264,25.264,1531,4719,30674,6088,30674,6088,I=+25.264 nA X=+25.264 nA MODE=1 T=1000ms RAW m=1531 n=4719 INT1=30674 INT2=6088 EXT1=30674 EXT2=6088,24.99829,25.263333333333332
25,2,1,1000,25.26,25.26,1540,4710,30627,15252,30627,15252,I=+25.260 nA X=+25.260 nA MODE=1 T=1000ms RAW m=1540 n=4710 INT1=30627 INT2=15252 EXT1=30627 EXT2=15252,24.99829,25.263333333333332
25,3,1,1000,25.266,25.266,1528,4722,30739,3117,30739,3117,I=+25.266 nA X=+25.266 nA MODE=1 T=1000ms RAW m=1528 n=4722 INT1=30739 INT2=3117 EXT1=30739 EXT2=3117,24.99829,25.263333333333332
20,1,1,1000,20.196,20.196,1880,4370,30464,41465,30464,41465,I=+20.196 nA X=+20.196 nA MODE=1 T=1000ms RAW m=1880 n=4370 INT1=30464 INT2=41465 EXT1=30464 EXT2=41465,19.996350000000003,20.19633333333333
20,2,1,1000,20.196,20.196,1879,4371,30694,40628,30694,40628,I=+20.196 nA X=+20.196 nA MODE=1 T=1000ms RAW m=1879 n=4371 INT1=30694 INT2=40628 EXT1=30694 EXT2=40628,19.996350000000003,20.19633333333333
20,3,1,1000,20.197,20.197,1880,4370,30689,41749,30689,41749,I=+20.197 nA X=+20.197 nA MODE=1 T=1000ms RAW m=1880 n=4370 INT1=30689 INT2=41749 EXT1=30689 EXT2=41749,19.996350000000003,20.19633333333333
15,1,1,1000,15.143,15.143,2193,4057,30608,40294,30608,40294,I=+15.143 nA X=+15.143 nA MODE=1 T=1000ms RAW m=2193 n=4057 INT1=30608 INT2=40294 EXT1=30608 EXT2=40294,14.995859999999999,15.143666666666666
15,2,1,1000,15.144,15.144,2193,4057,30636,40334,30636,40334,I=+15.144 nA X=+15.144 nA MODE=1 T=1000ms RAW m=2193 n=4057 INT1=30636 INT2=40334 EXT1=30636 EXT2=40334,14.995859999999999,15.143666666666666
15,3,1,1000,15.144,15.144,2194,4056,30367,41114,30367,41114,I=+15.144 nA X=+15.144 nA MODE=1 T=1000ms RAW m=2194 n=4056 INT1=30367 INT2=41114 EXT1=30367 EXT2=41114,14.995859999999999,15.143666666666666
10,1,1,1000,10.092,10.092,2512,3738,31249,45993,31249,45993,I=+10.092 nA X=+10.092 nA MODE=1 T=1000ms RAW m=2512 n=3738 INT1=31249 INT2=45993 EXT1=31249 EXT2=45993,9.998311111111112,10.104333333333335
10,2,1,1000,10.113,10.113,2470,3780,30558,2409,30558,2409,I=+10.113 nA X=+10.113 nA MODE=1 T=1000ms RAW m=2470 n=3780 INT1=30558 INT2=2409 EXT1=30558 EXT2=2409,9.998311111111112,10.104333333333335
10,3,1,1000,10.108,10.108,2476,3774,30585,8460,30585,8460,I=+10.108 nA X=+10.108 nA MODE=1 T=1000ms RAW m=2476 n=3774 INT1=30585 INT2=8460 EXT1=30585 EXT2=8460,9.998311111111112,10.104333333333335
5,1,1,1000,5.038,5.038,2830,3420,31156,49738,31156,49738,I=+5.038 nA X=+5.038 nA MODE=1 T=1000ms RAW m=2830 n=3420 INT1=31156 INT2=49738 EXT1=31156 EXT2=49738,4.9986625,5.049333333333333
5,2,1,1000,5.056,5.056,2799,3451,30395,17531,30395,17531,I=+5.056 nA X=+5.056 nA MODE=1 T=1000ms RAW m=2799 n=3451 INT1=30395 INT2=17531 EXT1=30395 EXT2=17531,4.9986625,5.049333333333333
5,3,1,1000,5.054,5.054,2798,3452,30413,16325,30413,16325,I=+5.054 nA X=+5.054 nA MODE=1 T=1000ms RAW m=2798 n=3452 INT1=30413 INT2=16325 EXT1=30413 EXT2=16325,4.9986625,5.049333333333333
0,1,2,10000,-0.002,-0.002,31269,31231,30569,41507,30569,41507,I=-0.002 nA X=-0.002 nA MODE=2 T=10000ms RAW m=31269 n=31231 INT1=30569 INT2=41507 EXT1=30569 EXT2=41507,-0.00015747542857142858,-0.0013333333333333333
0,2,2,10000,0.0,0.0,31244,31256,30937,16431,30937,16431,I=+0.000 nA X=+0.000 nA MODE=2 T=10000ms RAW m=31244 n=31256 INT1=30937 INT2=16431 EXT1=30937 EXT2=16431,-0.00015747542857142858,-0.0013333333333333333
0,3,2,10000,-0.002,-0.002,31280,31220,30319,52602,30319,52602,I=-0.002 nA X=-0.002 nA MODE=2 T=10000ms RAW m=31280 n=31220 INT1=30319 INT2=52602 EXT1=30319 EXT2=52602,-0.00015747542857142858,-0.0013333333333333333
-5,1,1,1000,-5.048,-5.048,3425,2825,30482,14972,30482,14972,I=-5.048 nA X=-5.048 nA MODE=1 T=1000ms RAW m=3425 n=2825 INT1=30482 INT2=14972 EXT1=30482 EXT2=14972,-5.00284625,-5.058666666666666
-5,2,1,1000,-5.065,-5.065,3454,2796,30997,44914,30997,44914,I=-5.065 nA X=-5.065 nA MODE=1 T=1000ms RAW m=3454 n=2796 INT1=30997 INT2=44914 EXT1=30997 EXT2=44914,-5.00284625,-5.058666666666666
-5,3,1,1000,-5.063,-5.063,3450,2800,31228,41067,31228,41067,I=-5.063 nA X=-5.063 nA MODE=1 T=1000ms RAW m=3450 n=2800 INT1=31228 INT2=41067 EXT1=31228 EXT2=41067,-5.00284625,-5.058666666666666
-10,1,1,1000,-10.102,-10.102,3738,2512,30422,13531,30422,13531,I=-10.102 nA X=-10.102 nA MODE=1 T=1000ms RAW m=3738 n=2512 INT1=30422 INT2=13531 EXT1=30422 EXT2=13531,-10.002533333333332,-10.113
-10,2,1,1000,-10.119,-10.119,3778,2472,30872,54980,30872,54980,I=-10.119 nA X=-10.119 nA MODE=1 T=1000ms RAW m=3778 n=2472 INT1=30872 INT2=54980 EXT1=30872 EXT2=54980,-10.002533333333332,-10.113
-10,3,1,1000,-10.118,-10.118,3778,2472,30783,54957,30783,54957,I=-10.118 nA X=-10.118 nA MODE=1 T=1000ms RAW m=3778 n=2472 INT1=30783 INT2=54957 EXT1=30783 EXT2=54957,-10.002533333333332,-10.113
-15,1,1,1000,-15.157,-15.157,4057,2193,30981,18919,30981,18919,I=-15.157 nA X=-15.157 nA MODE=1 T=1000ms RAW m=4057 n=2193 INT1=30981 INT2=18919 EXT1=30981 EXT2=18919,-15.006070000000001,-15.157666666666666
-15,2,1,1000,-15.159,-15.159,4058,2192,30984,19838,30984,19838,I=-15.159 nA X=-15.159 nA MODE=1 T=1000ms RAW m=4058 n=2192 INT1=30984 INT2=19838 EXT1=30984 EXT2=19838,-15.006070000000001,-15.157666666666666
-15,3,1,1000,-15.157,-15.157,4057,2193,31032,18942,31032,18942,I=-15.157 nA X=-15.157 nA MODE=1 T=1000ms RAW m=4057 n=2193 INT1=31032 INT2=18942 EXT1=31032 EXT2=18942,-15.006070000000001,-15.157666666666666
-20,1,1,1000,-20.209,-20.209,4371,1879,30822,18534,30822,18534,I=-20.209 nA X=-20.209 nA MODE=1 T=1000ms RAW m=4371 n=1879 INT1=30822 INT2=18534 EXT1=30822 EXT2=18534,-20.007316666666664,-20.209666666666667
-20,2,1,1000,-20.21,-20.21,4371,1879,30821,18467,30821,18467,I=-20.210 nA X=-20.210 nA MODE=1 T=1000ms RAW m=4371 n=1879 INT1=30821 INT2=18467 EXT1=30821 EXT2=18467,-20.007316666666664,-20.209666666666667
-20,3,1,1000,-20.21,-20.21,4372,1878,30849,19493,30849,19493,I=-20.210 nA X=-20.210 nA MODE=1 T=1000ms RAW m=4372 n=1878 INT1=30849 INT2=19493 EXT1=30849 EXT2=19493,-20.007316666666664,-20.209666666666667
-25,1,1,1000,-25.269,-25.269,4693,1557,30464,25850,30464,25850,I=-25.269 nA X=-25.269 nA MODE=1 T=1000ms RAW m=4693 n=1557 INT1=30464 INT2=25850 EXT1=30464 EXT2=25850,-25.00791,-25.272000000000002
-25,2,1,1000,-25.277,-25.277,4714,1536,30929,47893,30929,47893,I=-25.277 nA X=-25.277 nA MODE=1 T=1000ms RAW m=4714 n=1536 INT1=30929 INT2=47893 EXT1=30929 EXT2=47893,-25.00791,-25.272000000000002
-25,3,1,1000,-25.27,-25.27,4704,1546,30921,37831,30921,37831,I=-25.270 nA X=-25.270 nA MODE=1 T=1000ms RAW m=4704 n=1546 INT1=30921 INT2=37831 EXT1=30921 EXT2=37831,-25.00791,-25.272000000000002
-30,1,1,1000,-30.328,-30.328,5026,1224,30900,45561,30900,45561,I=-30.328 nA X=-30.328 nA MODE=1 T=1000ms RAW m=5026 n=1224 INT1=30900 INT2=45561 EXT1=30900 EXT2=45561,-30.008974999999996,-30.329333333333334
-30,2,1,1000,-30.33,-30.33,5025,1225,30863,44390,30863,44390,I=-30.330 nA X=-30.330 nA MODE=1 T=1000ms RAW m=5025 n=1225 INT1=30863 INT2=44390 EXT1=30863 EXT2=44390,-30.008974999999996,-30.329333333333334
-30,3,1,1000,-30.33,-30.33,5026,1224,30965,45498,30965,45498,I=-30.330 nA X=-30.330 nA MODE=1 T=1000ms RAW m=5026 n=1224 INT1=30965 INT2=45498 EXT1=30965 EXT2=45498,-30.008974999999996,-30.329333333333334
-35,1,1,1000,-35.367,-35.367,5316,934,30923,20968,30923,20968,I=-35.367 nA X=-35.367 nA MODE=1 T=1000ms RAW m=5316 n=934 INT1=30923 INT2=20968 EXT1=30923 EXT2=20968,-35.00904545454546,-35.367
-35,2,1,1000,-35.368,-35.368,5316,934,30794,20766,30794,20766,I=-35.368 nA X=-35.368 nA MODE=1 T=1000ms RAW m=5316 n=934 INT1=30794 INT2=20766 EXT1=30794 EXT2=20766,-35.00904545454546,-35.367
-35,3,1,1000,-35.366,-35.366,5316,934,30898,21001,30898,21001,I=-35.366 nA X=-35.366 nA MODE=1 T=1000ms RAW m=5316 n=934 INT1=30898 INT2=21001 EXT1=30898 EXT2=21001,-35.00904545454546,-35.367
-40,1,1,1000,-40.435,-40.435,5661,589,30832,52245,30832,52245,I=-40.435 nA X=-40.435 nA MODE=1 T=1000ms RAW m=5661 n=589 INT1=30832 INT2=52245 EXT1=30832 EXT2=52245,-40.009033333333335,-40.436
-40,2,1,1000,-40.436,-40.436,5661,589,30872,52213,30872,52213,I=-40.436 nA X=-40.436 nA MODE=1 T=1000ms RAW m=5661 n=589 INT1=30872 INT2=52213 EXT1=30872 EXT2=52213,-40.009033333333335,-40.436
-40,3,1,1000,-40.437,-40.437,5661,589,30873,52115,30873,52115,I=-40.437 nA X=-40.437 nA MODE=1 T=1000ms RAW m=5661 n=589 INT1=30873 INT2=52115 EXT1=30873 EXT2=52115,-40.009033333333335,-40.436
-45,1,1,1000,-45.472,-45.472,5943,307,30835,19298,30835,19298,I=-45.472 nA X=-45.472 nA MODE=1 T=1000ms RAW m=5943 n=307 INT1=30835 INT2=19298 EXT1=30835 EXT2=19298,-45.009409090909095,-45.46933333333334
-45,2,1,1000,-45.466,-45.466,5940,310,30856,16506,30856,16506,I=-45.466 nA X=-45.466 nA MODE=1 T=1000ms RAW m=5940 n=310 INT1=30856 INT2=16506 EXT1=30856 EXT2=16506,-45.009409090909095,-45.46933333333334
-45,3,1,1000,-45.47,-45.47,5942,308,30790,18319,30790,18319,I=-45.470 nA X=-45.470 nA MODE=1 T=1000ms RAW m=5942 n=308 INT1=30790 INT2=18319 EXT1=30790 EXT2=18319,-45.009409090909095,-45.46933333333334
