序号,设定I_s/nA,回读I_std/nA,I_m1/nA,I_m2/nA,I_m3/nA,平均I_m/nA,s/nA,Delta/nA,delta/%,u_c/nA,Delta/u_c
1,5.000000,4.998711,4.999213,5.000850,5.001451,5.000504,0.001158,0.001794,0.035885,0.005446,0.329354
2,-5.000000,-5.002651,-5.003203,-5.002324,-5.005148,-5.003558,0.001445,-0.000907,0.018134,0.005472,-0.165787
3,5.500000,5.498719,5.498268,5.499505,5.500124,5.499299,0.000945,0.000580,0.010550,0.005796,0.100096
4,-5.500000,-5.502498,-5.503727,-5.504098,-5.504071,-5.503965,0.000207,-0.001467,0.026654,0.005774,-0.254002
5,6.000000,5.998797,5.998386,6.000887,5.998907,5.999393,0.001320,0.000596,0.009937,0.006183,0.096402
6,-6.000000,-6.002622,-6.003276,-6.003875,-6.003375,-6.003509,0.000321,-0.000887,0.014769,0.006142,-0.144341
7,6.500000,6.498700,6.498136,6.499660,6.498221,6.498672,0.000856,-0.000028,-0.000432,0.006522,-0.004301
8,-6.500000,-6.502623,-6.503567,-6.504549,-6.503582,-6.503899,0.000563,-0.001276,0.019625,0.006514,-0.195895
9,7.000000,6.998598,6.998638,7.000222,7.000471,6.999777,0.000994,0.001179,0.016846,0.006895,0.170993
10,-7.000000,-7.002352,-7.002036,-7.004137,-7.003812,-7.003328,0.001131,-0.000976,0.013941,0.006905,-0.141375
11,7.500000,7.498594,7.496927,7.498125,7.497831,7.497628,0.000624,-0.000967,-0.012892,0.007249,-0.133365
12,-7.500000,-7.502469,-7.503460,-7.503583,-7.504169,-7.503737,0.000379,-0.001268,0.016903,0.007246,-0.175018
13,8.000000,7.998494,7.995929,7.995862,7.999052,7.996948,0.001823,-0.001546,-0.019334,0.007681,-0.201322
14,-8.000000,-8.002569,-8.002110,-8.003202,-8.003865,-8.003059,0.000886,-0.000490,0.006127,0.007629,-0.064269
15,8.500000,8.498597,8.496109,8.495941,8.497187,8.496412,0.000676,-0.002184,-0.025703,0.007988,-0.273443
16,-8.500000,-8.502393,-8.499899,-8.502669,-8.499344,-8.500637,0.001781,0.001756,-0.020648,0.008048,0.218141
17,9.000000,8.998417,8.995222,8.997605,8.996077,8.996301,0.001207,-0.002116,-0.023516,0.008378,-0.252572
18,-9.000000,-9.002366,-8.999802,-9.001567,-9.000430,-9.000600,0.000895,0.001766,-0.019613,0.008368,0.211003
19,9.500000,9.498477,9.500478,9.496458,9.495881,9.497606,0.002504,-0.000871,-0.009170,0.008839,-0.098538
20,-9.500000,-9.502356,-9.504741,-9.501808,-9.502748,-9.503099,0.001497,-0.000744,0.007826,0.008765,-0.084843
21,10.000000,9.998273,9.998580,9.997743,9.997017,9.997780,0.000782,-0.000494,-0.004936,0.009102,-0.054220
22,-10.000000,-10.002400,-10.003645,-10.002486,-10.001301,-10.002477,0.001172,-0.000077,0.000774,0.023047,-0.003361
23,10.500000,10.495350,10.496821,10.495986,10.495385,10.496064,0.000721,0.000714,0.006804,0.023188,0.030796
24,-10.500000,-10.505467,-10.509288,-10.507786,-10.506078,-10.507718,0.001606,-0.002251,0.021426,0.023206,-0.096996
25,11.000000,10.995050,10.996102,10.996167,10.995021,10.995763,0.000643,0.000713,0.006488,0.023337,0.030567
26,-11.000000,-11.004933,-11.004778,-11.005673,-11.003726,-11.004726,0.000974,0.000208,-0.001886,0.023344,0.008890
27,11.500000,11.495983,11.496116,11.496447,11.495553,11.496039,0.000452,0.000055,0.000482,0.023486,0.002360
28,-11.500000,-11.506092,-11.506327,-11.506456,-11.506483,-11.506422,0.000083,-0.000330,0.002870,0.023487,-0.014061
29,12.000000,11.995508,11.995968,11.995297,11.995277,11.995514,0.000393,0.000006,0.000048,0.023635,0.000242
30,-12.000000,-12.005642,-12.003856,-12.005552,-12.005993,-12.005133,0.001128,0.000508,-0.004233,0.023646,0.021492
31,12.500000,12.496833,12.496181,12.495713,12.495367,12.495754,0.000408,-0.001080,-0.008640,0.023785,-0.045396
32,-12.500000,-12.505208,-12.506742,-12.507299,-12.506484,-12.506841,0.000417,-0.001633,0.013059,0.023788,-0.068649
33,13.000000,12.995967,12.994882,12.996060,12.994990,12.995311,0.000651,-0.000656,-0.005048,0.023937,-0.027405
34,-13.000000,-13.006658,-13.004843,-13.006148,-13.004239,-13.005077,0.000975,0.001582,-0.012162,0.023943,0.066064
35,13.500000,13.495183,13.496645,13.494295,13.496432,13.495790,0.001299,0.000607,0.004499,0.024095,0.025199
36,-13.500000,-13.505642,-13.509519,-13.505706,-13.503546,-13.506257,0.003025,-0.000616,0.004558,0.024149,-0.025490
37,-14.000000,-14.006817,-14.008448,-14.006871,-14.006021,-14.007113,0.001231,-0.000297,0.002118,0.024247,-0.012238
38,-14.500000,-14.506417,-14.503729,-14.507367,-14.506609,-14.505902,0.001919,0.000515,-0.003549,0.024411,0.021088
39,15.000000,14.996367,14.996396,14.997456,14.997145,14.996999,0.000545,0.000632,0.004216,0.024535,0.025772
40,-15.000000,-15.005592,-15.004393,-15.006432,-15.006526,-15.005784,0.001205,-0.000192,0.001280,0.024545,-0.007827
41,-15.500000,-15.507000,-15.505746,-15.507170,-15.508697,-15.507204,0.001476,-0.000204,0.001318,0.024701,-0.008272
42,16.000000,15.996908,15.995144,15.995058,15.995061,15.995088,0.000049,-0.001821,-0.011381,0.024833,-0.073315
43,-16.000000,-16.006183,-16.002694,-16.003958,-16.002836,-16.003163,0.000693,0.003021,-0.018872,0.024839,0.121615
44,16.500000,16.496258,16.498966,16.496637,16.493752,16.496452,0.002612,0.000193,0.001172,0.025028,0.007726
45,-16.500000,-16.507258,-16.508648,-16.504321,-16.504508,-16.505826,0.002446,0.001433,-0.008678,0.025025,0.057244
46,17.000000,16.995567,16.996496,16.993852,16.996534,16.995627,0.001538,0.000061,0.000357,0.025147,0.002413
47,-17.000000,-17.006758,-17.007610,-17.007811,-17.007699,-17.007707,0.000101,-0.000948,0.005576,0.025135,-0.037728
48,17.500000,17.496450,17.495206,17.498267,17.496469,17.496648,0.001538,0.000198,0.001130,0.025297,0.007812
49,-17.500000,-17.505767,-17.505553,-17.506075,-17.508145,-17.506591,0.001371,-0.000824,0.004707,0.025297,-0.032575
50,18.000000,17.995975,17.995803,17.997187,17.999297,17.997429,0.001759,0.001454,0.008081,0.025452,0.057135
51,-18.000000,-18.007342,-18.005824,-18.008979,-18.009509,-18.008104,0.001992,-0.000762,0.004233,0.025461,-0.029939
52,18.500000,18.497300,18.493885,18.494899,18.496107,18.494964,0.001112,-0.002336,-0.012630,0.025590,-0.091296
53,-18.500000,-18.506633,-18.504609,-18.504828,-18.507322,-18.505586,0.001507,0.001047,-0.005659,0.025599,0.040910
54,19.000000,18.996500,18.996734,18.993222,18.994170,18.994709,0.001817,-0.001791,-0.009431,0.025753,-0.069565
55,-19.000000,-19.007925,-19.009597,-19.008613,-19.010016,-19.009409,0.000721,-0.001484,0.007807,0.025738,-0.057654
56,19.500000,19.497625,19.496669,19.500759,19.499055,19.498827,0.002055,0.001202,0.006167,0.025909,0.046412
57,-19.500000,-19.507275,-19.506081,-19.507687,-19.508128,-19.507299,0.001078,-0.000024,0.000123,0.025892,-0.000925
58,20.000000,19.996908,19.997684,19.998199,19.999485,19.998456,0.000927,0.001548,0.007740,0.026037,0.059448
59,-20.000000,-20.006750,-20.006403,-20.006453,-20.007616,-20.006824,0.000686,-0.000074,0.000370,0.026037,-0.002846
60,20.500000,20.498042,20.496362,20.500148,20.498249,20.498253,0.001893,0.000211,0.001030,0.026204,0.008059
61,-20.500000,-20.507892,-20.506543,-20.509475,-20.509568,-20.508529,0.001720,-0.000637,0.003106,0.026203,-0.024311
62,21.000000,20.997125,20.994944,20.993817,20.995505,20.994755,0.000860,-0.002370,-0.011285,0.026335,-0.089978
63,-21.000000,-21.007367,-21.006389,-21.006805,-21.004705,-21.005967,0.001112,0.001400,-0.006665,0.026342,0.053154
64,21.500000,21.496511,21.494841,21.500050,21.495819,21.496903,0.002769,0.000392,0.001823,0.026529,0.014774
65,-21.500000,-21.508917,-21.510834,-21.511061,-21.512559,-21.511485,0.000937,-0.002568,0.011939,0.026490,-0.096938
66,22.000000,21.997361,21.995947,21.998362,21.997219,21.997176,0.001208,-0.000185,-0.000842,0.026640,-0.006956
67,-22.000000,-22.007967,-22.009033,-22.008395,-22.008942,-22.008790,0.000345,-0.000823,0.003742,0.026634,-0.030917
68,22.500000,22.496633,22.497839,22.498759,22.496123,22.497574,0.001338,0.000940,0.004180,0.026791,0.035102
69,-22.500000,-22.507125,-22.505259,-22.507365,-22.507146,-22.506590,0.001158,0.000535,-0.002376,0.026792,0.019964
70,23.000000,22.997733,22.994791,22.997601,22.997413,22.996602,0.001571,-0.001132,-0.004921,0.026946,-0.042002
71,-23.000000,-23.008386,-23.007173,-23.005826,-23.006048,-23.006349,0.000722,0.002037,-0.008853,0.026937,0.075623
72,23.500000,23.496914,23.498009,23.498929,23.498009,23.498316,0.000531,0.001402,0.005966,0.027082,0.051765
73,-23.500000,-23.507483,-23.507488,-23.506677,-23.507348,-23.507171,0.000433,0.000312,-0.001329,0.027084,0.011533
74,24.000000,23.998117,23.999114,23.998052,23.998252,23.998473,0.000564,0.000356,0.001484,0.027232,0.013073
75,-24.000000,-24.008958,-24.010535,-24.010652,-24.010425,-24.010537,0.000113,-0.001579,0.006577,0.027233,-0.057980
76,24.500000,24.497308,24.497443,24.498270,24.498379,24.498030,0.000512,0.000722,0.002948,0.027381,0.026372
77,-24.500000,-24.507942,-24.507371,-24.506093,-24.504373,-24.505946,0.001505,0.001996,-0.008145,0.027397,0.072859
78,25.000000,24.998358,24.997508,24.998809,25.000811,24.999043,0.001664,0.000685,0.002739,0.027547,0.024852
79,-25.000000,-25.007425,-25.008360,-25.004922,-25.005253,-25.006178,0.001896,0.001247,-0.004985,0.027554,0.045245
80,25.500000,25.497692,25.497117,25.500408,25.498848,25.498791,0.001646,0.001099,0.004311,0.027696,0.039690
81,-25.500000,-25.508658,-25.508697,-25.508592,-25.509278,-25.508856,0.000370,-0.000198,0.000775,0.027683,-0.007140
82,26.000000,25.996858,25.998250,25.998513,25.996435,25.997733,0.001131,0.000874,0.003364,0.027837,0.031414
83,-26.000000,-26.008097,-26.008048,-26.007585,-26.008048,-26.007894,0.000268,0.000204,-0.000782,0.027833,0.007312
84,26.500000,26.498203,26.498005,26.506513,26.468042,26.490854,0.020208,-0.007349,-0.027734,0.030314,-0.242431
85,-26.500000,-26.509233,-26.505842,-26.505639,-26.506528,-26.506003,0.000466,0.003230,-0.012184,0.027984,0.115424
86,27.000000,26.997200,26.997902,26.995908,26.995905,26.996572,0.001152,-0.000628,-0.002327,0.028137,-0.022331
87,-27.000000,-27.008392,-27.006588,-27.007590,-27.009473,-27.007884,0.001465,0.000508,-0.001880,0.028145,0.018038
88,27.500000,27.498367,27.496769,27.498391,27.498683,27.497948,0.001031,-0.000419,-0.001523,0.028285,-0.014802
89,-27.500000,-27.507883,-27.509056,-27.508178,-27.508837,-27.508690,0.000457,-0.000807,0.002934,0.028283,-0.028532
90,28.000000,27.997592,27.996455,27.998111,27.996306,27.996957,0.001002,-0.000634,-0.002266,0.028434,-0.022307
91,-28.000000,-28.008983,-28.005655,-28.008616,-28.006572,-28.006948,0.001516,0.002036,-0.007268,0.028445,0.071566
92,28.500000,28.498792,28.500075,28.500021,28.499537,28.499877,0.000296,0.001086,0.003810,0.028579,0.037992
93,-28.500000,-28.508225,-28.508626,-28.509952,-28.508548,-28.509042,0.000789,-0.000817,0.002866,0.028585,-0.028583
94,29.000000,28.998286,28.999549,28.997686,28.998769,28.998668,0.000936,0.000382,0.001317,0.028734,0.013293
95,-29.000000,-29.009553,-29.007809,-29.008620,-29.008537,-29.008322,0.000446,0.001231,-0.004243,0.028733,0.042836
96,29.500000,29.497167,29.496759,29.497508,29.497996,29.497421,0.000623,0.000254,0.000862,0.028880,0.008801
97,-29.500000,-29.509036,-29.508707,-29.508874,-29.507657,-29.508413,0.000659,0.000623,-0.002113,0.028884,0.021583
98,30.000000,29.998100,29.997411,30.001950,29.999127,29.999496,0.002292,0.001396,0.004653,0.029058,0.048034
99,-30.000000,-30.008075,-30.007238,-30.008610,-30.007409,-30.007752,0.000748,0.000323,-0.001076,0.029034,0.011119
100,30.500000,30.497275,30.497643,30.498220,30.498064,30.497975,0.000299,0.000700,0.002297,0.029178,0.024004
101,-30.500000,-30.509272,-30.508911,-30.509528,-30.508323,-30.508920,0.000603,0.000352,-0.001153,0.029183,0.012054
102,31.000000,30.998522,30.996617,30.997869,30.998399,30.997628,0.000915,-0.000894,-0.002884,0.029333,-0.030483
103,-31.000000,-31.008303,-31.004264,-31.006120,-31.004700,-31.005028,0.000970,0.003275,-0.010561,0.029336,0.111631
104,31.500000,31.497717,31.499479,31.499497,31.501047,31.500008,0.000900,0.002291,0.007274,0.029482,0.077715
105,-31.500000,-31.509767,-31.508156,-31.510322,-31.511794,-31.510090,0.001830,-0.000324,0.001027,0.029500,-0.010974
106,32.000000,31.998847,32.000234,31.999485,31.997941,31.999220,0.001169,0.000373,0.001165,0.029635,0.012583
107,-32.000000,-32.009158,-32.010228,-32.010555,-32.010551,-32.010445,0.000188,-0.001286,0.004018,0.029631,-0.043406
108,32.500000,32.497900,32.495876,32.496538,32.495433,32.495949,0.000556,-0.001951,-0.006004,0.029779,-0.065524
109,-32.500000,-32.508258,-32.505757,-32.505934,-32.506554,-32.506082,0.000418,0.002177,-0.006695,0.029781,0.073084
110,33.000000,32.998969,32.998102,32.999354,32.999073,32.998843,0.000657,-0.000127,-0.000384,0.029930,-0.004233
111,-33.000000,-33.009500,-33.008708,-33.011375,-33.010076,-33.010053,0.001334,-0.000553,0.001675,0.029941,-0.018468
112,33.500000,33.498392,33.496414,33.500250,33.497895,33.498186,0.001935,-0.000205,-0.000612,0.030098,-0.006817
113,-33.500000,-33.508747,-33.508014,-33.508544,-33.510899,-33.509152,0.001536,-0.000405,0.001209,0.030093,-0.013462
114,34.000000,33.997392,33.996635,33.997918,34.000865,33.998473,0.002169,0.001081,0.003179,0.030253,0.035729
115,-34.000000,-34.009708,-34.010451,-34.009058,-34.007047,-34.008852,0.001712,0.000856,-0.002518,0.030247,0.028312
116,34.500000,34.498506,34.499881,34.500582,34.500224,34.500229,0.000351,0.001723,0.004995,0.030378,0.056729
117,-34.500000,-34.509100,-34.507987,-34.507894,-34.509204,-34.508361,0.000731,0.000739,-0.002140,0.030383,0.024308
118,35.000000,34.997758,34.996158,34.997587,34.996955,34.996900,0.000716,-0.000858,-0.002453,0.030529,-0.028119
119,-35.000000,-35.008456,-35.004761,-35.006927,-35.006001,-35.005896,0.001087,0.002559,-0.007310,0.030536,0.083810
120,35.500000,35.498850,35.500496,35.499904,35.500184,35.500195,0.000296,0.001345,0.003788,0.030677,0.043832
121,-35.500000,-35.509600,-35.509414,-35.510225,-35.509507,-35.509715,0.000444,-0.000115,0.000325,0.030681,-0.003757
122,36.000000,35.997992,35.997681,35.999147,35.998133,35.998320,0.000751,0.000329,0.000913,0.030829,0.010666
123,-36.000000,-36.009000,-36.009141,-36.010279,-36.008018,-36.009146,0.001131,-0.000146,0.000405,0.030837,-0.004734
124,36.500000,36.498933,36.502217,36.501924,36.500964,36.501702,0.000655,0.002769,0.007585,0.030979,0.089368
125,-36.500000,-36.510231,-36.510853,-36.510726,-36.509254,-36.510278,0.000889,-0.000047,0.000129,0.030984,-0.001518
126,37.000000,36.998325,36.997602,36.998604,36.998994,36.998400,0.000718,0.000075,0.000203,0.031129,0.002415
127,-37.000000,-37.009608,-37.008271,-37.008738,-37.009705,-37.008905,0.000732,0.000704,-0.001901,0.031132,0.022599
128,37.500000,37.499192,37.497710,37.498666,37.499000,37.498459,0.000670,-0.000733,-0.001955,0.031279,-0.023433
129,-37.500000,-37.508833,-37.507032,-37.504594,-37.505441,-37.505689,0.001237,0.003144,-0.008383,0.031287,0.100503
130,38.000000,37.998292,37.998829,37.999954,37.997171,37.998651,0.001400,0.000360,0.000947,0.031436,0.011446
131,-38.000000,-38.009914,-38.008537,-38.010498,-38.013118,-38.010718,0.002298,-0.000804,0.002116,0.031457,-0.025563
132,38.500000,38.497508,38.496669,38.497261,38.498852,38.497594,0.001129,0.000086,0.000222,0.031582,0.002711
133,-38.500000,-38.509150,-38.508893,-38.509267,-38.511715,-38.509958,0.001533,-0.000808,0.002099,0.031592,-0.025585
134,39.000000,38.998553,38.998597,39.001954,39.000343,39.000298,0.001679,0.001745,0.004475,0.031741,0.054985
135,-39.000000,-39.010392,-39.008325,-39.010131,-39.010497,-39.009651,0.001163,0.000740,-0.001898,0.031736,0.023327
136,39.500000,39.497708,39.498725,39.498304,39.498678,39.498569,0.000231,0.000861,0.002179,0.031876,0.026996
137,-39.500000,-39.509222,-39.509752,-39.509581,-39.509736,-39.509690,0.000095,-0.000467,0.001183,0.031879,-0.014664
138,40.000000,39.998758,40.000793,40.001526,40.000871,40.001064,0.000403,0.002305,0.005763,0.032026,0.071978
139,-40.000000,-40.008533,-40.008666,-40.010179,-40.010288,-40.009711,0.000907,-0.001177,0.002943,0.032033,-0.036758
140,40.500000,40.497958,40.500061,40.499219,40.499105,40.499462,0.000522,0.001503,0.003712,0.032177,0.046719
141,-40.500000,-40.509708,-40.508538,-40.510799,-40.511138,-40.510158,0.001414,-0.000450,0.001110,0.032189,-0.013972
142,41.000000,40.999125,40.999653,40.998206,40.998939,40.998933,0.000723,-0.000192,-0.000469,0.032328,-0.005943
143,-41.000000,-41.009047,-41.006914,-41.006922,-41.008092,-41.007309,0.000678,0.001738,-0.004237,0.032331,0.053749
144,41.500000,41.498033,41.500723,41.499055,41.498602,41.499460,0.001117,0.001427,0.003438,0.032481,0.043926
145,-41.500000,-41.509942,-41.508066,-41.509064,-41.510982,-41.509371,0.001482,0.000571,-0.001376,0.032490,0.017575
146,42.000000,41.997475,41.996401,41.996596,41.995625,41.996207,0.000514,-0.001268,-0.003019,0.032626,-0.038856
147,-42.000000,-42.009250,-42.006595,-42.010282,-42.010828,-42.009235,0.002302,0.000015,-0.000036,0.032655,0.000463
148,42.500000,42.498275,42.498563,42.500466,42.498209,42.499079,0.001214,0.000804,0.001892,0.032782,0.024530
149,-42.500000,-42.508900,-42.509212,-42.508432,-42.509461,-42.509035,0.000537,-0.000135,0.000318,0.032780,-0.004120
150,43.000000,42.997503,42.996704,42.998123,43.000431,42.998419,0.001881,0.000916,0.002131,0.032942,0.027816
151,-43.000000,-43.009906,-43.007456,-43.008879,-43.007054,-43.007796,0.000959,0.002109,-0.004904,0.032933,0.064042
152,43.500000,43.498572,43.498900,43.498471,43.500880,43.499417,0.001285,0.000845,0.001942,0.033083,0.025538
153,-43.500000,-43.508817,-43.509397,-43.509896,-43.506881,-43.508725,0.001616,0.000092,-0.000212,0.033091,0.002782
154,44.000000,43.997625,44.000103,43.996640,43.998683,43.998475,0.001740,0.000850,0.001933,0.033240,0.025582
155,-44.000000,-44.010197,-44.011609,-44.010299,-44.011859,-44.011256,0.000838,-0.001058,0.002405,0.033232,-0.031846
156,44.500000,44.499036,44.500594,44.500610,44.500189,44.500464,0.000239,0.001428,0.003210,0.033375,0.042795
157,-44.500000,-44.509442,-44.509231,-44.508373,-44.511290,-44.509632,0.001499,-0.000190,0.000427,0.033389,-0.005686
158,45.000000,44.998058,44.999994,44.999557,45.000540,45.000030,0.000492,0.001972,0.004382,0.033525,0.058819
159,-45.000000,-45.008742,-45.006414,-45.008183,-45.005377,-45.006658,0.001419,0.002084,-0.004630,0.033537,0.062132
