idx,leg,v_set_V,v_read_V,dv_mV,i_A,i_nA,v_range_V,i_range_A,t_s
1,fwd,-2.0,-2.000103333,-0.103333333,1.3742433333e-11,1.3742433333e-02,2.0000000000e+00,1.0000000000e-10,8.38423204421997
2,fwd,-1.9,-1.900106667,-0.106666667,2.1811200000e-11,2.1811200000e-02,2.0000000000e+00,1.0000000000e-10,8.838322401046753
3,fwd,-1.8,-1.800110000,-0.110000000,1.9246233333e-11,1.9246233333e-02,2.0000000000e+00,1.0000000000e-10,9.33982539176941
4,fwd,-1.7,-1.700150000,-0.150000000,1.6302900000e-11,1.6302900000e-02,2.0000000000e+00,1.0000000000e-10,9.840113639831543
5,fwd,-1.6,-1.600150000,-0.150000000,1.1211986667e-11,1.1211986667e-02,2.0000000000e+00,1.0000000000e-10,10.341890811920166
6,fwd,-1.5,-1.500150000,-0.150000000,4.5724166667e-12,4.5724166667e-03,2.0000000000e+00,1.0000000000e-10,10.839876174926758
7,fwd,-1.4,-1.400140000,-0.140000000,-1.1408166667e-11,-1.1408166667e-02,2.0000000000e+00,1.0000000000e-10,11.342338800430298
8,fwd,-1.3,-1.300140000,-0.140000000,-4.5935466667e-11,-4.5935466667e-02,2.0000000000e+00,1.0000000000e-10,11.847042322158813
9,fwd,-1.2,-1.200160000,-0.160000000,-1.2688033333e-10,-1.2688033333e-01,2.0000000000e+00,1.0000000000e-09,12.86475419998169
10,fwd,-1.1,-1.100156667,-0.156666667,-2.3909866667e-10,-2.3909866667e-01,2.0000000000e+00,1.0000000000e-09,13.347667217254639
11,fwd,-1.0,-1.000150000,-0.150000000,-4.0204066667e-10,-4.0204066667e-01,2.0000000000e+00,1.0000000000e-09,13.84398889541626
12,fwd,-0.9,-0.900128333,-0.128333333,-6.4844933333e-10,-6.4844933333e-01,2.0000000000e+00,1.0000000000e-09,14.347228050231934
13,fwd,-0.8,-0.800157667,-0.157666667,-9.4260833333e-10,-9.4260833333e-01,2.0000000000e+00,1.0000000000e-09,14.841222524642944
14,fwd,-0.7,-0.700150667,-0.150666667,-1.3727033333e-09,-1.3727033333e+00,2.0000000000e+00,1.0000000000e-08,15.410882234573364
15,fwd,-0.6,-0.600146667,-0.146666667,-1.7909466667e-09,-1.7909466667e+00,2.0000000000e+00,1.0000000000e-08,15.844234943389893
16,fwd,-0.5,-0.500136333,-0.136333333,-2.1585733333e-09,-2.1585733333e+00,2.0000000000e+00,1.0000000000e-08,16.34605073928833
17,fwd,-0.4,-0.400152000,-0.152000000,-2.7120600000e-09,-2.7120600000e+00,2.0000000000e+00,1.0000000000e-08,16.84665608406067
18,fwd,-0.3,-0.300119333,-0.119333333,-3.1821100000e-09,-3.1821100000e+00,2.0000000000e+00,1.0000000000e-08,17.34499764442444
19,fwd,-0.2,-0.200092667,-0.092666667,-3.6888800000e-09,-3.6888800000e+00,2.0000000000e+00,1.0000000000e-08,17.845902681350708
20,fwd,-0.1,-0.100108000,-0.108000000,-4.2365033333e-09,-4.2365033333e+00,2.0000000000e+00,1.0000000000e-08,18.349043607711792
21,fwd,0.0,-0.000113011,-0.113010667,-4.8022100000e-09,-4.8022100000e+00,2.0000000000e+00,1.0000000000e-08,18.84802484512329
22,rev,-0.1,-0.100105000,-0.105000000,-4.2351700000e-09,-4.2351700000e+00,2.0000000000e+00,1.0000000000e-08,19.3474600315094
23,rev,-0.2,-0.200091667,-0.091666667,-3.6804766667e-09,-3.6804766667e+00,2.0000000000e+00,1.0000000000e-08,19.848690032958984
24,rev,-0.3,-0.300120667,-0.120666667,-3.1080866667e-09,-3.1080866667e+00,2.0000000000e+00,1.0000000000e-08,20.349054098129272
25,rev,-0.4,-0.400152667,-0.152666667,-2.6263466667e-09,-2.6263466667e+00,2.0000000000e+00,1.0000000000e-08,20.85252094268799
26,rev,-0.5,-0.500137333,-0.137333333,-2.1618466667e-09,-2.1618466667e+00,2.0000000000e+00,1.0000000000e-08,21.348362922668457
27,rev,-0.6,-0.600147667,-0.147666667,-1.7217266667e-09,-1.7217266667e+00,2.0000000000e+00,1.0000000000e-08,21.846872329711914
28,rev,-0.7,-0.700155000,-0.155000000,-1.3135433333e-09,-1.3135433333e+00,2.0000000000e+00,1.0000000000e-08,22.342668771743774
29,rev,-0.8,-0.800157667,-0.157666667,-9.2522733333e-10,-9.2522733333e-01,2.0000000000e+00,1.0000000000e-09,23.368345260620117
30,rev,-0.9,-0.900132667,-0.132666667,-6.7633966667e-10,-6.7633966667e-01,2.0000000000e+00,1.0000000000e-09,23.84446930885315
31,rev,-1.0,-1.000150000,-0.150000000,-4.3445833333e-10,-4.3445833333e-01,2.0000000000e+00,1.0000000000e-09,24.3454749584198
32,rev,-1.1,-1.100160000,-0.160000000,-2.5377433333e-10,-2.5377433333e-01,2.0000000000e+00,1.0000000000e-09,24.84283471107483
33,rev,-1.2,-1.200170000,-0.170000000,-1.3631300000e-10,-1.3631300000e-01,2.0000000000e+00,1.0000000000e-09,25.349563121795654
34,rev,-1.3,-1.300140000,-0.140000000,-4.9981233333e-11,-4.9981233333e-02,2.0000000000e+00,1.0000000000e-10,26.368807077407837
35,rev,-1.4,-1.400140000,-0.140000000,-1.2419566667e-11,-1.2419566667e-02,2.0000000000e+00,1.0000000000e-10,26.894533395767212
36,rev,-1.5,-1.500146667,-0.146666667,5.3046800000e-12,5.3046800000e-03,2.0000000000e+00,1.0000000000e-10,27.34615445137024
37,rev,-1.6,-1.600150000,-0.150000000,1.5702166667e-11,1.5702166667e-02,2.0000000000e+00,1.0000000000e-10,27.847658395767212
38,rev,-1.7,-1.700150000,-0.150000000,2.1669100000e-11,2.1669100000e-02,2.0000000000e+00,1.0000000000e-10,28.34635639190674
39,rev,-1.8,-1.800113333,-0.113333333,2.3742533333e-11,2.3742533333e-02,2.0000000000e+00,1.0000000000e-10,28.847423553466797
40,rev,-1.9,-1.900110000,-0.110000000,2.5242433333e-11,2.5242433333e-02,2.0000000000e+00,1.0000000000e-10,29.35069465637207
41,rev,-2.0,-2.000110000,-0.110000000,2.6879133333e-11,2.6879133333e-02,2.0000000000e+00,1.0000000000e-10,29.84930920600891
