gid,kind,peak_nA,ton_ms,period_ms,duty,avg_nA,true_avg_nA,rep,mode,t_ms,dev_nA,i_nA,x_nA,cal_nA,train_s,rb_nA
A12,pulse,20.0,0.25,10.0,0.025,0.5,0.4921259842519685,1,2,10000,0.489,0.489,0.489,0.489,63.06159540000226,nan
A12,pulse,20.0,0.25,10.0,0.025,0.5,0.4921259842519685,2,2,10000,0.489,0.489,0.489,0.489,63.06159540000226,nan
A12,pulse,20.0,0.25,10.0,0.025,0.5,0.4921259842519685,3,2,10000,0.489,0.489,0.489,0.489,63.06159540000226,nan
A12,pulse,20.0,0.25,10.0,0.025,0.5,0.4921259842519685,4,2,10000,0.489,0.489,0.489,0.489,63.06159540000226,nan
A12,pulse,20.0,0.25,10.0,0.025,0.5,0.4921259842519685,5,2,10000,0.344,0.344,0.344,0.344,63.06159540000226,nan
D:0.5,dc,0.5,0.0,0.0,1.0,0.5,0.5,1,2,10000,0.5,0.5,0.5,0.5,nan,0.49992433333333336
D:0.5,dc,0.5,0.0,0.0,1.0,0.5,0.5,2,2,10000,0.5,0.5,0.5,0.5,nan,0.4999242222222222
D:0.5,dc,0.5,0.0,0.0,1.0,0.5,0.5,3,2,10000,0.5,0.5,0.5,0.5,nan,0.49992800000000004
D:0.5,dc,0.5,0.0,0.0,1.0,0.5,0.5,4,2,10000,0.5,0.5,0.5,0.5,nan,0.49992388888888883
D:0.5,dc,0.5,0.0,0.0,1.0,0.5,0.5,5,2,10000,0.5,0.5,0.5,0.5,nan,0.49992466666666663
A11,pulse,40.0,0.25,10.0,0.025,1.0,0.984251968503937,1,2,10000,0.526,0.526,0.526,0.526,17.369594299998425,nan
A11,pulse,40.0,0.25,10.0,0.025,1.0,0.984251968503937,2,2,10000,-0.005,-0.005,-0.005,-0.005,17.369594299998425,nan
A11,pulse,40.0,0.25,10.0,0.025,1.0,0.984251968503937,3,2,10000,-0.005,-0.005,-0.005,-0.005,17.369594299998425,nan
A11,pulse,40.0,0.25,10.0,0.025,1.0,0.984251968503937,4,2,10000,-0.005,-0.005,-0.005,-0.005,17.369594299998425,nan
A11,pulse,40.0,0.25,10.0,0.025,1.0,0.984251968503937,5,2,10000,-0.005,-0.005,-0.005,-0.005,17.369594299998425,nan
D:1,dc,1.0,0.0,0.0,1.0,1.0,1.0,1,2,10000,1.0,1.0,1.0,1.0,nan,0.9999256666666667
D:1,dc,1.0,0.0,0.0,1.0,1.0,1.0,2,1,1000,1.001,1.001,1.001,1.001,nan,0.999925
D:1,dc,1.0,0.0,0.0,1.0,1.0,1.0,3,2,10000,1.0,1.0,1.0,1.0,nan,0.9999225555555556
A10,pulse,40.0,0.375,10.0,0.0375,1.5,1.4763779527559056,1,1,1000,1.482,1.482,1.482,1.482,17.36863209999865,nan
A10,pulse,40.0,0.375,10.0,0.0375,1.5,1.4763779527559056,2,1,1000,1.481,1.481,1.481,1.481,17.36863209999865,nan
A10,pulse,40.0,0.375,10.0,0.0375,1.5,1.4763779527559056,3,1,1000,1.48,1.48,1.48,1.48,17.36863209999865,nan
A10,pulse,40.0,0.375,10.0,0.0375,1.5,1.4763779527559056,4,1,1000,1.482,1.482,1.482,1.482,17.36863209999865,nan
A10,pulse,40.0,0.375,10.0,0.0375,1.5,1.4763779527559056,5,1,1000,1.48,1.48,1.48,1.48,17.36863209999865,nan
D:1.5,dc,1.5,0.0,0.0,1.0,1.5,1.5,1,1,1000,1.5,1.5,1.5,1.5,nan,1.498745
D:1.5,dc,1.5,0.0,0.0,1.0,1.5,1.5,2,1,1000,1.497,1.497,1.497,1.497,nan,1.4987533333333332
D:1.5,dc,1.5,0.0,0.0,1.0,1.5,1.5,3,1,1000,1.495,1.495,1.495,1.495,nan,1.49881
D:1.5,dc,1.5,0.0,0.0,1.0,1.5,1.5,4,1,1000,1.497,1.497,1.497,1.497,nan,1.49878
D:1.5,dc,1.5,0.0,0.0,1.0,1.5,1.5,5,1,1000,1.497,1.497,1.497,1.497,nan,1.4987499999999998
A9,pulse,40.0,0.5,10.0,0.05,2.0,1.968503937007874,1,1,1000,1.975,1.975,1.975,1.975,17.370784400001867,nan
A9,pulse,40.0,0.5,10.0,0.05,2.0,1.968503937007874,2,1,1000,1.979,1.979,1.979,1.979,17.370784400001867,nan
A9,pulse,40.0,0.5,10.0,0.05,2.0,1.968503937007874,3,1,1000,1.974,1.974,1.974,1.974,17.370784400001867,nan
A9,pulse,40.0,0.5,10.0,0.05,2.0,1.968503937007874,4,1,1000,1.973,1.973,1.973,1.973,17.370784400001867,nan
A9,pulse,40.0,0.5,10.0,0.05,2.0,1.968503937007874,5,1,1000,1.967,1.967,1.967,1.967,17.370784400001867,nan
D:2,dc,2.0,0.0,0.0,1.0,2.0,2.0,1,1,1000,2.001,2.001,2.001,2.001,nan,1.9987900000000003
D:2,dc,2.0,0.0,0.0,1.0,2.0,2.0,2,1,1000,1.997,1.997,1.997,1.997,nan,1.99885
D:2,dc,2.0,0.0,0.0,1.0,2.0,2.0,3,1,1000,1.995,1.995,1.995,1.995,nan,1.9988933333333336
D:2,dc,2.0,0.0,0.0,1.0,2.0,2.0,4,1,1000,1.996,1.996,1.996,1.996,nan,1.9988633333333332
D:2,dc,2.0,0.0,0.0,1.0,2.0,2.0,5,1,1000,1.997,1.997,1.997,1.997,nan,1.9988199999999998
A8,pulse,40.0,0.75,10.0,0.075,3.0,2.952755905511811,1,1,1000,2.967,2.967,2.967,2.967,17.368738599994686,nan
A8,pulse,40.0,0.75,10.0,0.075,3.0,2.952755905511811,2,1,1000,2.967,2.967,2.967,2.967,17.368738599994686,nan
A8,pulse,40.0,0.75,10.0,0.075,3.0,2.952755905511811,3,1,1000,2.966,2.966,2.966,2.966,17.368738599994686,nan
A8,pulse,40.0,0.75,10.0,0.075,3.0,2.952755905511811,4,1,1000,2.969,2.969,2.969,2.969,17.368738599994686,nan
A8,pulse,40.0,0.75,10.0,0.075,3.0,2.952755905511811,5,1,1000,2.964,2.964,2.964,2.964,17.368738599994686,nan
D:3,dc,3.0,0.0,0.0,1.0,3.0,3.0,1,1,1000,3.001,3.001,3.001,3.001,nan,2.99909
D:3,dc,3.0,0.0,0.0,1.0,3.0,3.0,2,1,1000,2.997,2.997,2.997,2.997,nan,2.9990533333333333
D:3,dc,3.0,0.0,0.0,1.0,3.0,3.0,3,1,1000,2.995,2.995,2.995,2.995,nan,2.9989866666666667
D:3,dc,3.0,0.0,0.0,1.0,3.0,3.0,4,1,1000,2.996,2.996,2.996,2.996,nan,2.9989966666666663
D:3,dc,3.0,0.0,0.0,1.0,3.0,3.0,5,1,1000,2.995,2.995,2.995,2.995,nan,2.9990666666666668
A7,pulse,40.0,1.0,10.0,0.1,4.0,3.937007874015748,1,1,1000,3.92,3.92,3.92,3.92,17.369541799998842,nan
A7,pulse,40.0,1.0,10.0,0.1,4.0,3.937007874015748,2,1,1000,3.92,3.92,3.92,3.92,17.369541799998842,nan
A7,pulse,40.0,1.0,10.0,0.1,4.0,3.937007874015748,3,1,1000,3.955,3.955,3.955,3.955,17.369541799998842,nan
A7,pulse,40.0,1.0,10.0,0.1,4.0,3.937007874015748,4,1,1000,3.956,3.956,3.956,3.956,17.369541799998842,nan
A7,pulse,40.0,1.0,10.0,0.1,4.0,3.937007874015748,5,1,1000,3.959,3.959,3.959,3.959,17.369541799998842,nan
D:4,dc,4.0,0.0,0.0,1.0,4.0,4.0,1,1,1000,4.0,4.0,4.0,4.0,nan,3.9991100000000004
D:4,dc,4.0,0.0,0.0,1.0,4.0,4.0,2,1,1000,3.995,3.995,3.995,3.995,nan,3.9991133333333337
D:4,dc,4.0,0.0,0.0,1.0,4.0,4.0,3,1,1000,3.997,3.997,3.997,3.997,nan,3.9991466666666664
D:4,dc,4.0,0.0,0.0,1.0,4.0,4.0,4,1,1000,3.995,3.995,3.995,3.995,nan,3.99912
D:4,dc,4.0,0.0,0.0,1.0,4.0,4.0,5,1,1000,3.998,3.998,3.998,3.998,nan,3.9990633333333334
A6,pulse,40.0,1.5,10.0,0.15,6.0,5.905511811023622,1,1,1000,5.931,5.931,5.931,5.931,17.368101800006116,nan
A6,pulse,40.0,1.5,10.0,0.15,6.0,5.905511811023622,2,1,1000,5.933,5.933,5.933,5.933,17.368101800006116,nan
A6,pulse,40.0,1.5,10.0,0.15,6.0,5.905511811023622,3,1,1000,5.886,5.886,5.886,5.886,17.368101800006116,nan
A6,pulse,40.0,1.5,10.0,0.15,6.0,5.905511811023622,4,1,1000,5.932,5.932,5.932,5.932,17.368101800006116,nan
A6,pulse,40.0,1.5,10.0,0.15,6.0,5.905511811023622,5,1,1000,5.932,5.932,5.932,5.932,17.368101800006116,nan
D:6,dc,6.0,0.0,0.0,1.0,6.0,6.0,1,1,1000,5.999,5.999,5.999,5.999,nan,5.999215
D:6,dc,6.0,0.0,0.0,1.0,6.0,6.0,2,1,1000,5.996,5.996,5.996,5.996,nan,5.99923
D:6,dc,6.0,0.0,0.0,1.0,6.0,6.0,3,1,1000,5.996,5.996,5.996,5.996,nan,5.9992
D:6,dc,6.0,0.0,0.0,1.0,6.0,6.0,4,1,1000,5.999,5.999,5.999,5.999,nan,5.999156666666667
D:6,dc,6.0,0.0,0.0,1.0,6.0,6.0,5,1,1000,5.997,5.997,5.997,5.997,nan,5.999173333333333
A5,pulse,40.0,2.0,10.0,0.2,8.0,7.874015748031496,1,1,1000,7.913,7.913,7.913,7.913,17.36998329999915,nan
A5,pulse,40.0,2.0,10.0,0.2,8.0,7.874015748031496,2,1,1000,7.914,7.914,7.914,7.914,17.36998329999915,nan
A5,pulse,40.0,2.0,10.0,0.2,8.0,7.874015748031496,3,1,1000,7.849,7.849,7.849,7.849,17.36998329999915,nan
A5,pulse,40.0,2.0,10.0,0.2,8.0,7.874015748031496,4,1,1000,7.884,7.884,7.884,7.884,17.36998329999915,nan
A5,pulse,40.0,2.0,10.0,0.2,8.0,7.874015748031496,5,1,1000,7.909,7.909,7.909,7.909,17.36998329999915,nan
D:8,dc,8.0,0.0,0.0,1.0,8.0,8.0,1,1,1000,7.997,7.997,7.997,7.997,nan,7.9990049999999995
D:8,dc,8.0,0.0,0.0,1.0,8.0,8.0,2,1,1000,7.995,7.995,7.995,7.995,nan,7.999009999999999
D:8,dc,8.0,0.0,0.0,1.0,8.0,8.0,3,1,1000,7.997,7.997,7.997,7.997,nan,7.999070000000001
D:8,dc,8.0,0.0,0.0,1.0,8.0,8.0,4,1,1000,7.996,7.996,7.996,7.996,nan,7.999066666666665
D:8,dc,8.0,0.0,0.0,1.0,8.0,8.0,5,1,1000,7.998,7.998,7.998,7.998,nan,7.999076666666666
A4,pulse,40.0,2.5,10.0,0.25,10.0,9.84251968503937,1,1,1000,9.889,9.889,9.889,9.889,17.369663800003764,nan
A4,pulse,40.0,2.5,10.0,0.25,10.0,9.84251968503937,2,1,1000,9.889,9.889,9.889,9.889,17.369663800003764,nan
A4,pulse,40.0,2.5,10.0,0.25,10.0,9.84251968503937,3,1,1000,9.813,9.813,9.813,9.813,17.369663800003764,nan
A4,pulse,40.0,2.5,10.0,0.25,10.0,9.84251968503937,4,1,1000,9.896,9.896,9.896,9.896,17.369663800003764,nan
A4,pulse,40.0,2.5,10.0,0.25,10.0,9.84251968503937,5,1,1000,9.874,9.874,9.874,9.874,17.369663800003764,nan
P1,pulse,40.0,12.5,50.0,0.25,10.0,9.968102073365232,1,1,1000,9.997,9.997,9.997,9.997,17.574645599997893,nan
P1,pulse,40.0,12.5,50.0,0.25,10.0,9.968102073365232,2,1,1000,9.991,9.991,9.991,9.991,17.574645599997893,nan
P1,pulse,40.0,12.5,50.0,0.25,10.0,9.968102073365232,3,1,1000,9.994,9.994,9.994,9.994,17.574645599997893,nan
P1,pulse,40.0,12.5,50.0,0.25,10.0,9.968102073365232,4,1,1000,9.994,9.994,9.994,9.994,17.574645599997893,nan
P1,pulse,40.0,12.5,50.0,0.25,10.0,9.968102073365232,5,1,1000,9.991,9.991,9.991,9.991,17.574645599997893,nan
P2,pulse,40.0,7.5,30.0,0.25,10.0,9.946949602122016,1,1,1000,10.031,10.031,10.031,10.031,17.419216599999345,nan
P2,pulse,40.0,7.5,30.0,0.25,10.0,9.946949602122016,2,1,1000,9.912,9.912,9.912,9.912,17.419216599999345,nan
P2,pulse,40.0,7.5,30.0,0.25,10.0,9.946949602122016,3,1,1000,10.032,10.032,10.032,10.032,17.419216599999345,nan
P2,pulse,40.0,7.5,30.0,0.25,10.0,9.946949602122016,4,1,1000,9.909,9.909,9.909,9.909,17.419216599999345,nan
P2,pulse,40.0,7.5,30.0,0.25,10.0,9.946949602122016,5,1,1000,10.051,10.051,10.051,10.051,17.419216599999345,nan
P3,pulse,40.0,5.0,20.0,0.25,10.0,9.920634920634921,1,1,1000,9.864,9.864,9.864,9.864,17.350769800003036,nan
P3,pulse,40.0,5.0,20.0,0.25,10.0,9.920634920634921,2,1,1000,9.91,9.91,9.91,9.91,17.350769800003036,nan
P3,pulse,40.0,5.0,20.0,0.25,10.0,9.920634920634921,3,1,1000,9.902,9.902,9.902,9.902,17.350769800003036,nan
P3,pulse,40.0,5.0,20.0,0.25,10.0,9.920634920634921,4,1,1000,9.918,9.918,9.918,9.918,17.350769800003036,nan
P3,pulse,40.0,5.0,20.0,0.25,10.0,9.920634920634921,5,1,1000,9.956,9.956,9.956,9.956,17.350769800003036,nan
P4,pulse,40.0,3.75,15.0,0.25,10.0,9.894459102902374,1,1,1000,9.933,9.933,9.933,9.933,17.350789399999485,nan
P4,pulse,40.0,3.75,15.0,0.25,10.0,9.894459102902374,2,1,1000,9.896,9.896,9.896,9.896,17.350789399999485,nan
P4,pulse,40.0,3.75,15.0,0.25,10.0,9.894459102902374,3,1,1000,9.898,9.898,9.898,9.898,17.350789399999485,nan
P4,pulse,40.0,3.75,15.0,0.25,10.0,9.894459102902374,4,1,1000,9.896,9.896,9.896,9.896,17.350789399999485,nan
P4,pulse,40.0,3.75,15.0,0.25,10.0,9.894459102902374,5,1,1000,9.899,9.899,9.899,9.899,17.350789399999485,nan
P5,pulse,40.0,2.5,10.0,0.25,10.0,9.84251968503937,1,1,1000,9.889,9.889,9.889,9.889,17.369141399998625,nan
P5,pulse,40.0,2.5,10.0,0.25,10.0,9.84251968503937,2,1,1000,9.896,9.896,9.896,9.896,17.369141399998625,nan
P5,pulse,40.0,2.5,10.0,0.25,10.0,9.84251968503937,3,1,1000,9.889,9.889,9.889,9.889,17.369141399998625,nan
P5,pulse,40.0,2.5,10.0,0.25,10.0,9.84251968503937,4,1,1000,9.811,9.811,9.811,9.811,17.369141399998625,nan
P5,pulse,40.0,2.5,10.0,0.25,10.0,9.84251968503937,5,1,1000,9.895,9.895,9.895,9.895,17.369141399998625,nan
P6,pulse,40.0,1.75,7.0,0.25,10.0,9.776536312849162,1,1,1000,9.824,9.824,9.824,9.824,17.442895000000135,nan
P6,pulse,40.0,1.75,7.0,0.25,10.0,9.776536312849162,2,1,1000,9.83,9.83,9.83,9.83,17.442895000000135,nan
P6,pulse,40.0,1.75,7.0,0.25,10.0,9.776536312849162,3,1,1000,9.802,9.802,9.802,9.802,17.442895000000135,nan
P6,pulse,40.0,1.75,7.0,0.25,10.0,9.776536312849162,4,1,1000,9.852,9.852,9.852,9.852,17.442895000000135,nan
P6,pulse,40.0,1.75,7.0,0.25,10.0,9.776536312849162,5,1,1000,9.803,9.803,9.803,9.803,17.442895000000135,nan
P7,pulse,40.0,1.25,5.0,0.25,10.0,9.689922480620154,1,1,1000,9.759,9.759,9.759,9.759,17.553330499998992,nan
P7,pulse,40.0,1.25,5.0,0.25,10.0,9.689922480620154,2,1,1000,9.785,9.785,9.785,9.785,17.553330499998992,nan
P7,pulse,40.0,1.25,5.0,0.25,10.0,9.689922480620154,3,1,1000,9.754,9.754,9.754,9.754,17.553330499998992,nan
P7,pulse,40.0,1.25,5.0,0.25,10.0,9.689922480620154,4,1,1000,9.758,9.758,9.758,9.758,17.553330499998992,nan
P7,pulse,40.0,1.25,5.0,0.25,10.0,9.689922480620154,5,1,1000,9.762,9.762,9.762,9.762,17.553330499998992,nan
P8,pulse,40.0,0.875,3.5,0.25,10.0,9.562841530054644,1,1,1000,9.663,9.663,9.663,9.663,17.745072899997467,nan
P8,pulse,40.0,0.875,3.5,0.25,10.0,9.562841530054644,2,1,1000,9.672,9.672,9.672,9.672,17.745072899997467,nan
P8,pulse,40.0,0.875,3.5,0.25,10.0,9.562841530054644,3,1,1000,9.662,9.662,9.662,9.662,17.745072899997467,nan
P8,pulse,40.0,0.875,3.5,0.25,10.0,9.562841530054644,4,1,1000,9.673,9.673,9.673,9.673,17.745072899997467,nan
P8,pulse,40.0,0.875,3.5,0.25,10.0,9.562841530054644,5,1,1000,9.661,9.661,9.661,9.661,17.745072899997467,nan
P9,pulse,40.0,0.5,2.0,0.25,10.0,9.25925925925926,1,1,1000,9.452,9.452,9.452,9.452,18.218790799997805,nan
P9,pulse,40.0,0.5,2.0,0.25,10.0,9.25925925925926,2,1,1000,9.449,9.449,9.449,9.449,18.218790799997805,nan
P9,pulse,40.0,0.5,2.0,0.25,10.0,9.25925925925926,3,1,1000,9.459,9.459,9.459,9.459,18.218790799997805,nan
P9,pulse,40.0,0.5,2.0,0.25,10.0,9.25925925925926,4,1,1000,9.446,9.446,9.446,9.446,18.218790799997805,nan
P9,pulse,40.0,0.5,2.0,0.25,10.0,9.25925925925926,5,1,1000,9.449,9.449,9.449,9.449,18.218790799997805,nan
P10,pulse,40.0,0.375,1.5,0.25,10.0,9.036144578313253,1,1,1000,9.285,9.285,9.285,9.285,18.60112079999817,nan
P10,pulse,40.0,0.375,1.5,0.25,10.0,9.036144578313253,2,1,1000,9.294,9.294,9.294,9.294,18.60112079999817,nan
P10,pulse,40.0,0.375,1.5,0.25,10.0,9.036144578313253,3,1,1000,9.283,9.283,9.283,9.283,18.60112079999817,nan
P10,pulse,40.0,0.375,1.5,0.25,10.0,9.036144578313253,4,1,1000,9.296,9.296,9.296,9.296,18.60112079999817,nan
P10,pulse,40.0,0.375,1.5,0.25,10.0,9.036144578313253,5,1,1000,9.292,9.292,9.292,9.292,18.60112079999817,nan
P11,pulse,40.0,0.25,1.0,0.25,10.0,8.620689655172415,1,1,1000,8.984,8.984,8.984,8.984,19.3721458,nan
P11,pulse,40.0,0.25,1.0,0.25,10.0,8.620689655172415,2,1,1000,8.988,8.988,8.988,8.988,19.3721458,nan
P11,pulse,40.0,0.25,1.0,0.25,10.0,8.620689655172415,3,1,1000,8.981,8.981,8.981,8.981,19.3721458,nan
P11,pulse,40.0,0.25,1.0,0.25,10.0,8.620689655172415,4,1,1000,8.979,8.979,8.979,8.979,19.3721458,nan
P11,pulse,40.0,0.25,1.0,0.25,10.0,8.620689655172415,5,1,1000,8.98,8.98,8.98,8.98,19.3721458,nan
D:10,dc,10.0,0.0,0.0,1.0,10.0,10.0,1,1,1000,9.999,9.999,9.999,9.999,nan,9.99874
D:10,dc,10.0,0.0,0.0,1.0,10.0,10.0,2,1,1000,9.994,9.994,9.994,9.994,nan,9.998773333333334
D:10,dc,10.0,0.0,0.0,1.0,10.0,10.0,3,1,1000,9.996,9.996,9.996,9.996,nan,9.998803333333333
D:10,dc,10.0,0.0,0.0,1.0,10.0,10.0,4,1,1000,9.995,9.995,9.995,9.995,nan,9.998809999999999
D:10,dc,10.0,0.0,0.0,1.0,10.0,10.0,5,1,1000,9.996,9.996,9.996,9.996,nan,9.99879
A3,pulse,40.0,3.0,10.0,0.3,12.0,11.811023622047244,1,1,1000,11.828,11.828,11.828,11.828,17.370364500005962,nan
A3,pulse,40.0,3.0,10.0,0.3,12.0,11.811023622047244,2,1,1000,11.875,11.875,11.875,11.875,17.370364500005962,nan
A3,pulse,40.0,3.0,10.0,0.3,12.0,11.811023622047244,3,1,1000,11.869,11.869,11.869,11.869,17.370364500005962,nan
A3,pulse,40.0,3.0,10.0,0.3,12.0,11.811023622047244,4,1,1000,11.812,11.812,11.812,11.812,17.370364500005962,nan
A3,pulse,40.0,3.0,10.0,0.3,12.0,11.811023622047244,5,1,1000,11.873,11.873,11.873,11.873,17.370364500005962,nan
D:12,dc,12.0,0.0,0.0,1.0,12.0,12.0,1,1,1000,11.993,11.993,11.993,11.993,nan,11.996550000000001
D:12,dc,12.0,0.0,0.0,1.0,12.0,12.0,2,1,1000,11.996,11.996,11.996,11.996,nan,11.99625
D:12,dc,12.0,0.0,0.0,1.0,12.0,12.0,3,1,1000,11.995,11.995,11.995,11.995,nan,11.996475
D:12,dc,12.0,0.0,0.0,1.0,12.0,12.0,4,1,1000,11.994,11.994,11.994,11.994,nan,11.996525
D:12,dc,12.0,0.0,0.0,1.0,12.0,12.0,5,1,1000,11.995,11.995,11.995,11.995,nan,11.996375
A2,pulse,40.0,4.0,10.0,0.4,16.0,15.748031496062993,1,1,1000,15.738,15.738,15.738,15.738,17.371804199996404,nan
A2,pulse,40.0,4.0,10.0,0.4,16.0,15.748031496062993,2,1,1000,15.751,15.751,15.751,15.751,17.371804199996404,nan
A2,pulse,40.0,4.0,10.0,0.4,16.0,15.748031496062993,3,1,1000,15.741,15.741,15.741,15.741,17.371804199996404,nan
A2,pulse,40.0,4.0,10.0,0.4,16.0,15.748031496062993,4,1,1000,15.748,15.748,15.748,15.748,17.371804199996404,nan
A2,pulse,40.0,4.0,10.0,0.4,16.0,15.748031496062993,5,1,1000,15.72,15.72,15.72,15.72,17.371804199996404,nan
D:16,dc,16.0,0.0,0.0,1.0,16.0,16.0,1,1,1000,15.995,15.995,15.995,15.995,nan,15.99795
D:16,dc,16.0,0.0,0.0,1.0,16.0,16.0,2,1,1000,15.996,15.996,15.996,15.996,nan,15.997675000000001
D:16,dc,16.0,0.0,0.0,1.0,16.0,16.0,3,1,1000,15.995,15.995,15.995,15.995,nan,15.997725
D:16,dc,16.0,0.0,0.0,1.0,16.0,16.0,4,1,1000,15.992,15.992,15.992,15.992,nan,15.997624999999998
D:16,dc,16.0,0.0,0.0,1.0,16.0,16.0,5,1,1000,15.995,15.995,15.995,15.995,nan,15.997525
A1,pulse,40.0,5.0,10.0,0.5,20.0,19.68503937007874,1,1,1000,19.789,19.789,19.789,19.789,17.37010890000238,nan
A1,pulse,40.0,5.0,10.0,0.5,20.0,19.68503937007874,2,1,1000,19.776,19.776,19.776,19.776,17.37010890000238,nan
A1,pulse,40.0,5.0,10.0,0.5,20.0,19.68503937007874,3,1,1000,19.789,19.789,19.789,19.789,17.37010890000238,nan
A1,pulse,40.0,5.0,10.0,0.5,20.0,19.68503937007874,4,1,1000,19.698,19.698,19.698,19.698,17.37010890000238,nan
A1,pulse,40.0,5.0,10.0,0.5,20.0,19.68503937007874,5,1,1000,19.73,19.73,19.73,19.73,17.37010890000238,nan
D:20,dc,20.0,0.0,0.0,1.0,20.0,20.0,1,1,1000,19.995,19.995,19.995,19.995,nan,19.9983
D:20,dc,20.0,0.0,0.0,1.0,20.0,20.0,2,1,1000,19.997,19.997,19.997,19.997,nan,19.998174999999996
D:20,dc,20.0,0.0,0.0,1.0,20.0,20.0,3,1,1000,19.996,19.996,19.996,19.996,nan,19.99805
D:20,dc,20.0,0.0,0.0,1.0,20.0,20.0,4,1,1000,19.996,19.996,19.996,19.996,nan,19.997999999999998
D:20,dc,20.0,0.0,0.0,1.0,20.0,20.0,5,1,1000,19.997,19.997,19.997,19.997,nan,19.997999999999998
K9,pulse,4200.0,0.2,21.5,0.00930232558139535,39.06976744186047,38.78116343490305,1,1,1000,38.078,38.078,38.078,38.078,17.365292199996475,nan
K9,pulse,4200.0,0.2,21.5,0.00930232558139535,39.06976744186047,38.78116343490305,2,1,1000,37.96,37.96,37.96,37.96,17.365292199996475,nan
K9,pulse,4200.0,0.2,21.5,0.00930232558139535,39.06976744186047,38.78116343490305,3,1,1000,39.007,39.007,39.007,39.007,17.365292199996475,nan
K9,pulse,4200.0,0.2,21.5,0.00930232558139535,39.06976744186047,38.78116343490305,4,1,1000,37.958,37.958,37.958,37.958,17.365292199996475,nan
K9,pulse,4200.0,0.2,21.5,0.00930232558139535,39.06976744186047,38.78116343490305,5,1,1000,38.942,38.942,38.942,38.942,17.365292199996475,nan
D:39.0698,dc,39.06976744186047,0.0,0.0,1.0,39.06976744186047,39.06976744186047,1,1,1000,39.067,39.067,39.067,39.067,nan,39.06956666666667
D:39.0698,dc,39.06976744186047,0.0,0.0,1.0,39.06976744186047,39.06976744186047,2,1,1000,39.067,39.067,39.067,39.067,nan,39.0694
D:39.0698,dc,39.06976744186047,0.0,0.0,1.0,39.06976744186047,39.06976744186047,3,1,1000,39.066,39.066,39.066,39.066,nan,39.069325
D:39.0698,dc,39.06976744186047,0.0,0.0,1.0,39.06976744186047,39.06976744186047,4,1,1000,39.068,39.068,39.068,39.068,nan,39.069275
D:39.0698,dc,39.06976744186047,0.0,0.0,1.0,39.06976744186047,39.06976744186047,5,1,1000,39.067,39.067,39.067,39.067,nan,39.069375
K1,pulse,400.0,1.0,10.0,0.1,40.0,39.37007874015748,1,1,1000,39.104,39.104,39.104,39.104,17.37091440000222,nan
K1,pulse,400.0,1.0,10.0,0.1,40.0,39.37007874015748,2,1,1000,39.124,39.124,39.124,39.124,17.37091440000222,nan
K1,pulse,400.0,1.0,10.0,0.1,40.0,39.37007874015748,3,1,1000,39.123,39.123,39.123,39.123,17.37091440000222,nan
K1,pulse,400.0,1.0,10.0,0.1,40.0,39.37007874015748,4,1,1000,39.175,39.175,39.175,39.175,17.37091440000222,nan
K1,pulse,400.0,1.0,10.0,0.1,40.0,39.37007874015748,5,1,1000,39.083,39.083,39.083,39.083,17.37091440000222,nan
K2,pulse,1000.0,0.4,10.0,0.04,40.0,39.37007874015748,1,1,1000,39.132,39.132,39.132,39.132,17.380759499996202,nan
K2,pulse,1000.0,0.4,10.0,0.04,40.0,39.37007874015748,2,1,1000,39.121,39.121,39.121,39.121,17.380759499996202,nan
K2,pulse,1000.0,0.4,10.0,0.04,40.0,39.37007874015748,3,1,1000,39.109,39.109,39.109,39.109,17.380759499996202,nan
K2,pulse,1000.0,0.4,10.0,0.04,40.0,39.37007874015748,4,1,1000,39.096,39.096,39.096,39.096,17.380759499996202,nan
K2,pulse,1000.0,0.4,10.0,0.04,40.0,39.37007874015748,5,1,1000,39.117,39.117,39.117,39.117,17.380759499996202,nan
K3,pulse,2000.0,0.2,10.0,0.02,40.0,39.37007874015748,1,1,1000,39.002,39.002,39.002,39.002,17.370646999996097,nan
K3,pulse,2000.0,0.2,10.0,0.02,40.0,39.37007874015748,2,1,1000,39.088,39.088,39.088,39.088,17.370646999996097,nan
K3,pulse,2000.0,0.2,10.0,0.02,40.0,39.37007874015748,3,1,1000,39.06,39.06,39.06,39.06,17.370646999996097,nan
K3,pulse,2000.0,0.2,10.0,0.02,40.0,39.37007874015748,4,1,1000,39.112,39.112,39.112,39.112,17.370646999996097,nan
K3,pulse,2000.0,0.2,10.0,0.02,40.0,39.37007874015748,5,1,1000,39.111,39.111,39.111,39.111,17.370646999996097,nan
K4,pulse,2400.0,0.2,12.0,0.016666666666666666,40.0,39.473684210526315,1,1,1000,39.61,39.61,39.61,39.61,17.354781699999876,nan
K4,pulse,2400.0,0.2,12.0,0.016666666666666666,40.0,39.473684210526315,2,1,1000,39.625,39.625,39.625,39.625,17.354781699999876,nan
K4,pulse,2400.0,0.2,12.0,0.016666666666666666,40.0,39.473684210526315,3,1,1000,39.623,39.623,39.623,39.623,17.354781699999876,nan
K4,pulse,2400.0,0.2,12.0,0.016666666666666666,40.0,39.473684210526315,4,1,1000,39.636,39.636,39.636,39.636,17.354781699999876,nan
K4,pulse,2400.0,0.2,12.0,0.016666666666666666,40.0,39.473684210526315,5,1,1000,39.66,39.66,39.66,39.66,17.354781699999876,nan
K5,pulse,2800.0,0.2,14.0,0.014285714285714285,40.0,39.548022598870055,1,1,1000,39.492,39.492,39.492,39.492,17.351847999998427,nan
K5,pulse,2800.0,0.2,14.0,0.014285714285714285,40.0,39.548022598870055,2,1,1000,39.532,39.532,39.532,39.532,17.351847999998427,nan
K5,pulse,2800.0,0.2,14.0,0.014285714285714285,40.0,39.548022598870055,3,1,1000,39.514,39.514,39.514,39.514,17.351847999998427,nan
K5,pulse,2800.0,0.2,14.0,0.014285714285714285,40.0,39.548022598870055,4,1,1000,39.521,39.521,39.521,39.521,17.351847999998427,nan
K5,pulse,2800.0,0.2,14.0,0.014285714285714285,40.0,39.548022598870055,5,1,1000,39.518,39.518,39.518,39.518,17.351847999998427,nan
K6,pulse,3200.0,0.2,16.0,0.0125,40.0,39.603960396039604,1,1,1000,39.403,39.403,39.403,39.403,17.348348499996064,nan
K6,pulse,3200.0,0.2,16.0,0.0125,40.0,39.603960396039604,2,1,1000,39.484,39.484,39.484,39.484,17.348348499996064,nan
K6,pulse,3200.0,0.2,16.0,0.0125,40.0,39.603960396039604,3,1,1000,39.45,39.45,39.45,39.45,17.348348499996064,nan
K6,pulse,3200.0,0.2,16.0,0.0125,40.0,39.603960396039604,4,1,1000,39.452,39.452,39.452,39.452,17.348348499996064,nan
K6,pulse,3200.0,0.2,16.0,0.0125,40.0,39.603960396039604,5,1,1000,39.48,39.48,39.48,39.48,17.348348499996064,nan
K7,pulse,3600.0,0.2,18.0,0.011111111111111113,40.00000000000001,39.647577092511014,1,1,1000,39.169,39.169,39.169,39.169,17.35441699999501,nan
K7,pulse,3600.0,0.2,18.0,0.011111111111111113,40.00000000000001,39.647577092511014,2,1,1000,39.18,39.18,39.18,39.18,17.35441699999501,nan
K7,pulse,3600.0,0.2,18.0,0.011111111111111113,40.00000000000001,39.647577092511014,3,1,1000,39.192,39.192,39.192,39.192,17.35441699999501,nan
K7,pulse,3600.0,0.2,18.0,0.011111111111111113,40.00000000000001,39.647577092511014,4,1,1000,39.176,39.176,39.176,39.176,17.35441699999501,nan
K7,pulse,3600.0,0.2,18.0,0.011111111111111113,40.00000000000001,39.647577092511014,5,1,1000,39.178,39.178,39.178,39.178,17.35441699999501,nan
K8,pulse,4000.0,0.2,20.0,0.01,40.0,39.682539682539684,1,1,1000,39.441,39.441,39.441,39.441,17.35017159999552,nan
K8,pulse,4000.0,0.2,20.0,0.01,40.0,39.682539682539684,2,1,1000,39.471,39.471,39.471,39.471,17.35017159999552,nan
K8,pulse,4000.0,0.2,20.0,0.01,40.0,39.682539682539684,3,1,1000,39.518,39.518,39.518,39.518,17.35017159999552,nan
K8,pulse,4000.0,0.2,20.0,0.01,40.0,39.682539682539684,4,1,1000,39.487,39.487,39.487,39.487,17.35017159999552,nan
K8,pulse,4000.0,0.2,20.0,0.01,40.0,39.682539682539684,5,1,1000,39.494,39.494,39.494,39.494,17.35017159999552,nan
D:40,dc,40.0,0.0,0.0,1.0,40.0,40.0,1,1,1000,39.998,39.998,39.998,39.998,nan,39.99985
D:40,dc,40.0,0.0,0.0,1.0,40.0,40.0,2,1,1000,39.999,39.999,39.999,39.999,nan,39.999825
D:40,dc,40.0,0.0,0.0,1.0,40.0,40.0,3,1,1000,39.997,39.997,39.997,39.997,nan,39.99995
K1,pulse,400.0,1.0,10.0,0.1,40.0,39.37007874015748,1,1,1000,39.138,39.138,39.138,39.138,17.37091440000222,nan
K1,pulse,400.0,1.0,10.0,0.1,40.0,39.37007874015748,2,1,1000,39.158,39.158,39.158,39.158,17.37091440000222,nan
K1,pulse,400.0,1.0,10.0,0.1,40.0,39.37007874015748,3,1,1000,39.174,39.174,39.174,39.174,17.37091440000222,nan
K1,pulse,400.0,1.0,10.0,0.1,40.0,39.37007874015748,4,1,1000,39.094,39.094,39.094,39.094,17.37091440000222,nan
K1,pulse,400.0,1.0,10.0,0.1,40.0,39.37007874015748,5,1,1000,39.17,39.17,39.17,39.17,17.37091440000222,nan
K2,pulse,1000.0,0.4,10.0,0.04,40.0,39.37007874015748,1,1,1000,39.144,39.144,39.144,39.144,17.380759499996202,nan
K2,pulse,1000.0,0.4,10.0,0.04,40.0,39.37007874015748,2,1,1000,39.194,39.194,39.194,39.194,17.380759499996202,nan
K2,pulse,1000.0,0.4,10.0,0.04,40.0,39.37007874015748,3,1,1000,39.166,39.166,39.166,39.166,17.380759499996202,nan
K2,pulse,1000.0,0.4,10.0,0.04,40.0,39.37007874015748,4,1,1000,39.119,39.119,39.119,39.119,17.380759499996202,nan
K2,pulse,1000.0,0.4,10.0,0.04,40.0,39.37007874015748,5,1,1000,39.166,39.166,39.166,39.166,17.380759499996202,nan
K3,pulse,2000.0,0.2,10.0,0.02,40.0,39.37007874015748,1,1,1000,39.057,39.057,39.057,39.057,17.370646999996097,nan
K3,pulse,2000.0,0.2,10.0,0.02,40.0,39.37007874015748,2,1,1000,39.081,39.081,39.081,39.081,17.370646999996097,nan
K3,pulse,2000.0,0.2,10.0,0.02,40.0,39.37007874015748,3,1,1000,39.072,39.072,39.072,39.072,17.370646999996097,nan
K3,pulse,2000.0,0.2,10.0,0.02,40.0,39.37007874015748,4,1,1000,39.095,39.095,39.095,39.095,17.370646999996097,nan
K3,pulse,2000.0,0.2,10.0,0.02,40.0,39.37007874015748,5,1,1000,39.056,39.056,39.056,39.056,17.370646999996097,nan
K4,pulse,2400.0,0.2,12.0,0.016666666666666666,40.0,39.473684210526315,1,1,1000,39.605,39.605,39.605,39.605,17.354781699999876,nan
K4,pulse,2400.0,0.2,12.0,0.016666666666666666,40.0,39.473684210526315,2,1,1000,39.618,39.618,39.618,39.618,17.354781699999876,nan
K4,pulse,2400.0,0.2,12.0,0.016666666666666666,40.0,39.473684210526315,3,1,1000,39.6,39.6,39.6,39.6,17.354781699999876,nan
K4,pulse,2400.0,0.2,12.0,0.016666666666666666,40.0,39.473684210526315,4,1,1000,39.608,39.608,39.608,39.608,17.354781699999876,nan
K4,pulse,2400.0,0.2,12.0,0.016666666666666666,40.0,39.473684210526315,5,1,1000,39.599,39.599,39.599,39.599,17.354781699999876,nan
K5,pulse,2800.0,0.2,14.0,0.014285714285714285,40.0,39.548022598870055,1,1,1000,39.543,39.543,39.543,39.543,17.351847999998427,nan
K5,pulse,2800.0,0.2,14.0,0.014285714285714285,40.0,39.548022598870055,2,1,1000,39.554,39.554,39.554,39.554,17.351847999998427,nan
K5,pulse,2800.0,0.2,14.0,0.014285714285714285,40.0,39.548022598870055,3,1,1000,39.527,39.527,39.527,39.527,17.351847999998427,nan
K5,pulse,2800.0,0.2,14.0,0.014285714285714285,40.0,39.548022598870055,4,1,1000,39.552,39.552,39.552,39.552,17.351847999998427,nan
K5,pulse,2800.0,0.2,14.0,0.014285714285714285,40.0,39.548022598870055,5,1,1000,39.558,39.558,39.558,39.558,17.351847999998427,nan
K6,pulse,3200.0,0.2,16.0,0.0125,40.0,39.603960396039604,1,1,1000,39.486,39.486,39.486,39.486,17.348348499996064,nan
K6,pulse,3200.0,0.2,16.0,0.0125,40.0,39.603960396039604,2,1,1000,39.471,39.471,39.471,39.471,17.348348499996064,nan
K6,pulse,3200.0,0.2,16.0,0.0125,40.0,39.603960396039604,3,1,1000,39.478,39.478,39.478,39.478,17.348348499996064,nan
K6,pulse,3200.0,0.2,16.0,0.0125,40.0,39.603960396039604,4,1,1000,39.462,39.462,39.462,39.462,17.348348499996064,nan
K6,pulse,3200.0,0.2,16.0,0.0125,40.0,39.603960396039604,5,1,1000,39.475,39.475,39.475,39.475,17.348348499996064,nan
K7,pulse,3600.0,0.2,18.0,0.011111111111111113,40.00000000000001,39.647577092511014,1,1,1000,39.174,39.174,39.174,39.174,17.35441699999501,nan
K7,pulse,3600.0,0.2,18.0,0.011111111111111113,40.00000000000001,39.647577092511014,2,1,1000,39.204,39.204,39.204,39.204,17.35441699999501,nan
K7,pulse,3600.0,0.2,18.0,0.011111111111111113,40.00000000000001,39.647577092511014,3,1,1000,39.198,39.198,39.198,39.198,17.35441699999501,nan
K7,pulse,3600.0,0.2,18.0,0.011111111111111113,40.00000000000001,39.647577092511014,4,1,1000,39.18,39.18,39.18,39.18,17.35441699999501,nan
K7,pulse,3600.0,0.2,18.0,0.011111111111111113,40.00000000000001,39.647577092511014,5,1,1000,39.174,39.174,39.174,39.174,17.35441699999501,nan
K8,pulse,4000.0,0.2,20.0,0.01,40.0,39.682539682539684,1,1,1000,39.438,39.438,39.438,39.438,17.35017159999552,nan
K8,pulse,4000.0,0.2,20.0,0.01,40.0,39.682539682539684,2,1,1000,39.429,39.429,39.429,39.429,17.35017159999552,nan
K8,pulse,4000.0,0.2,20.0,0.01,40.0,39.682539682539684,3,1,1000,39.438,39.438,39.438,39.438,17.35017159999552,nan
K8,pulse,4000.0,0.2,20.0,0.01,40.0,39.682539682539684,4,1,1000,39.445,39.445,39.445,39.445,17.35017159999552,nan
K8,pulse,4000.0,0.2,20.0,0.01,40.0,39.682539682539684,5,1,1000,39.428,39.428,39.428,39.428,17.35017159999552,nan
D:40,dc,40.00000000000001,0.0,0.0,1.0,40.00000000000001,40.00000000000001,1,1,1000,39.997,39.997,39.997,39.997,nan,39.9996
D:40,dc,40.00000000000001,0.0,0.0,1.0,40.00000000000001,40.00000000000001,2,1,1000,39.996,39.996,39.996,39.996,nan,39.999674999999996
D:40,dc,40.00000000000001,0.0,0.0,1.0,40.00000000000001,40.00000000000001,3,1,1000,39.996,39.996,39.996,39.996,nan,39.9996
D:40,dc,40.00000000000001,0.0,0.0,1.0,40.00000000000001,40.00000000000001,4,1,1000,39.997,39.997,39.997,39.997,nan,39.99975
D:40,dc,40.00000000000001,0.0,0.0,1.0,40.00000000000001,40.00000000000001,5,1,1000,39.996,39.996,39.996,39.996,nan,39.999874999999996
