set_pA,rep,mode,t_ms,dev_nA,dev_ext_nA,m,n,int1,int2,ext1,ext2,true_nA,dev_avg_nA,err_pct
6000.0,1,1,1000,6.056,6.056,2751,3499,31113,33200,31113,33200,5.9987587499999995,6.057333333333333,0.9764450576268593
6000.0,2,1,1000,6.058,6.058,2747,3503,30583,28619,30583,28619,5.9987587499999995,6.057333333333333,0.9764450576268593
6000.0,3,1,1000,6.058,6.058,2745,3505,30615,26515,30615,26515,5.9987587499999995,6.057333333333333,0.9764450576268593
7000.0,1,1,1000,7.063,7.063,2695,3555,30657,39714,30657,39714,6.998564444444446,7.063666666666666,0.930222515474579
7000.0,2,1,1000,7.064,7.064,2695,3555,30716,39826,30716,39826,6.998564444444446,7.063666666666666,0.930222515474579
7000.0,3,1,1000,7.064,7.064,2695,3555,30587,39754,30587,39754,6.998564444444446,7.063666666666666,0.930222515474579
8000.0,1,1,1000,8.063,8.063,2650,3600,30466,57676,30466,57676,7.998556249999999,8.062,0.7931900210116076
8000.0,2,1,1000,8.062,8.062,2649,3601,30414,56477,30414,56477,7.998556249999999,8.062,0.7931900210116076
8000.0,3,1,1000,8.061,8.061,2649,3601,30558,56570,30558,56570,7.998556249999999,8.062,0.7931900210116076
9000.0,1,1,1000,9.087,9.087,2558,3692,30746,28103,30746,28103,8.99843,9.087,0.984282813779725
9000.0,2,1,1000,9.088,9.088,2560,3690,30653,30180,30653,30180,8.99843,9.087,0.984282813779725
9000.0,3,1,1000,9.086,9.086,2560,3690,30702,30091,30702,30091,8.99843,9.087,0.984282813779725
10000.0,1,1,1000,10.092,10.092,2512,3738,30867,45656,30867,45656,9.99832375,10.103,1.0469379929810625
10000.0,2,1,1000,10.108,10.108,2477,3773,30541,9461,30541,9461,9.99832375,10.103,1.0469379929810625
10000.0,3,1,1000,10.109,10.109,2474,3776,30557,6379,30557,6379,9.99832375,10.103,1.0469379929810625
12500.0,1,1,1000,12.605,12.605,2369,3881,30367,59141,30367,59141,12.496224999999999,12.606,0.8784652965195557
12500.0,2,1,1000,12.607,12.607,2366,3884,30660,56400,30660,56400,12.496224999999999,12.606,0.8784652965195557
12500.0,3,1,1000,12.606,12.606,2369,3881,30728,59562,30728,59562,12.496224999999999,12.606,0.8784652965195557
15000.0,1,1,1000,15.144,15.144,2193,4057,30693,40409,30693,40409,14.996450000000001,15.144,0.9838995228870763
15000.0,2,1,1000,15.144,15.144,2193,4057,30682,40376,30682,40376,14.996450000000001,15.144,0.9838995228870763
15000.0,3,1,1000,15.144,15.144,2193,4057,30744,40497,30744,40497,14.996450000000001,15.144,0.9838995228870763
17500.0,1,1,1000,17.671,17.671,2030,4220,30585,34158,30585,34158,17.496333333333332,17.671666666666667,1.0021147288003265
17500.0,2,1,1000,17.671,17.671,2033,4217,30633,37359,30633,37359,17.496333333333332,17.671666666666667,1.0021147288003265
17500.0,3,1,1000,17.673,17.673,2029,4221,30642,33308,30642,33308,17.496333333333332,17.671666666666667,1.0021147288003265
20000.0,1,1,1000,20.196,20.196,1878,4372,30520,39442,30520,39442,19.99651,20.195,0.9926232127506229
20000.0,2,1,1000,20.195,20.195,1879,4371,30481,40350,30481,40350,19.99651,20.195,0.9926232127506229
20000.0,3,1,1000,20.194,20.194,1880,4370,30752,41598,30752,41598,19.99651,20.195,0.9926232127506229
22500.0,1,1,1000,22.716,22.716,1733,4517,30511,51759,30511,51759,22.496233333333333,22.715666666666667,0.9754225522198592
22500.0,2,1,1000,22.716,22.716,1733,4517,30727,51968,30727,51968,22.496233333333333,22.715666666666667,0.9754225522198592
22500.0,3,1,1000,22.715,22.715,1733,4517,30723,51896,30723,51896,22.496233333333333,22.715666666666667,0.9754225522198592
25000.0,1,1,1000,25.262,25.262,1534,4716,30735,9203,30735,9203,24.99785,25.261666666666667,1.055357427405425
25000.0,2,1,1000,25.26,25.26,1540,4710,30707,15316,30707,15316,24.99785,25.261666666666667,1.055357427405425
25000.0,3,1,1000,25.263,25.263,1535,4715,30636,10190,30636,10190,24.99785,25.261666666666667,1.055357427405425
27500.0,1,1,1000,27.777,27.777,1404,4846,30667,36955,30667,36955,27.497925000000002,27.776666666666667,1.0136825475619164
27500.0,2,1,1000,27.775,27.775,1404,4846,30746,36894,30746,36894,27.497925000000002,27.776666666666667,1.0136825475619164
27500.0,3,1,1000,27.778,27.778,1404,4846,30689,37048,30689,37048,27.497925000000002,27.776666666666667,1.0136825475619164
30000.0,1,1,1000,30.313,30.313,1225,5025,30587,14480,30587,14480,29.997739999999997,30.313,1.0509458379197971
30000.0,2,1,1000,30.313,30.313,1224,5026,30746,13553,30746,13553,29.997739999999997,30.313,1.0509458379197971
30000.0,3,1,1000,30.313,30.313,1224,5026,30746,13598,30746,13598,29.997739999999997,30.313,1.0509458379197971
32500.0,1,1,1000,32.832,32.832,1076,5174,30593,22545,30593,22545,32.497366666666665,32.833,1.0328016321322464
32500.0,2,1,1000,32.834,32.834,1075,5175,30601,21622,30601,21622,32.497366666666665,32.833,1.0328016321322464
32500.0,3,1,1000,32.833,32.833,1075,5175,30643,21618,30643,21618,32.497366666666665,32.833,1.0328016321322464
35000.0,1,1,1000,35.346,35.346,944,5306,30746,48401,30746,48401,34.99748181818182,35.345,0.9929805339241267
35000.0,2,1,1000,35.346,35.346,944,5306,30685,48348,30685,48348,34.99748181818182,35.345,0.9929805339241267
35000.0,3,1,1000,35.343,35.343,950,5300,30696,54473,30696,54473,34.99748181818182,35.345,0.9929805339241267
37500.0,1,1,1000,37.877,37.877,783,5467,30642,44480,30642,44480,37.49934166666666,37.87633333333333,1.0053287602160188
37500.0,2,1,1000,37.876,37.876,783,5467,30728,44515,30728,44515,37.49934166666666,37.87633333333333,1.0053287602160188
37500.0,3,1,1000,37.876,37.876,783,5467,30563,44343,30563,44343,37.49934166666666,37.87633333333333,1.0053287602160188
40000.0,1,1,1000,40.424,40.424,589,5661,30693,7041,30693,7041,39.99838,40.42333333333333,1.0624263616009815
40000.0,2,1,1000,40.422,40.422,589,5661,30734,6949,30734,6949,39.99838,40.42333333333333,1.0624263616009815
40000.0,3,1,1000,40.424,40.424,589,5661,30682,7066,30682,7066,39.99838,40.42333333333333,1.0624263616009815
-6000.0,1,1,1000,-6.067,-6.067,3505,2745,30619,32599,30619,32599,-6.0027422222222215,-6.067666666666667,1.0815797520688823
-6000.0,2,1,1000,-6.069,-6.069,3506,2744,30877,33800,30877,33800,-6.0027422222222215,-6.067666666666667,1.0815797520688823
-6000.0,3,1,1000,-6.067,-6.067,3502,2748,30883,29731,30883,29731,-6.0027422222222215,-6.067666666666667,1.0815797520688823
-7000.0,1,1,1000,-7.072,-7.072,3556,2694,31039,20926,31039,20926,-7.002612500000001,-7.072,0.990880189357893
-7000.0,2,1,1000,-7.071,-7.071,3553,2697,31132,17938,31132,17938,-7.002612500000001,-7.072,0.990880189357893
-7000.0,3,1,1000,-7.073,-7.073,3555,2695,31252,20035,31252,20035,-7.002612500000001,-7.072,0.990880189357893
-8000.0,1,1,1000,-8.075,-8.075,3604,2646,31095,5807,31095,5807,-8.00273111111111,-8.074333333333334,0.8947223295158531
-8000.0,2,1,1000,-8.074,-8.074,3602,2648,30942,3593,30942,3593,-8.00273111111111,-8.074333333333334,0.8947223295158531
-8000.0,3,1,1000,-8.074,-8.074,3602,2648,31011,3692,31011,3692,-8.00273111111111,-8.074333333333334,0.8947223295158531
-9000.0,1,1,1000,-9.097,-9.097,3695,2555,30883,34546,30883,34546,-9.00256375,-9.096666666666666,1.0452902004350215
-9000.0,2,1,1000,-9.096,-9.096,3693,2557,31159,32763,31159,32763,-9.00256375,-9.096666666666666,1.0452902004350215
-9000.0,3,1,1000,-9.097,-9.097,3692,2558,31175,31672,31175,31672,-9.00256375,-9.096666666666666,1.0452902004350215
-10000.0,1,1,1000,-10.102,-10.102,3737,2513,30760,12794,30760,12794,-10.002566666666667,-10.114666666666666,1.1207123504967045
-10000.0,2,1,1000,-10.121,-10.121,3780,2470,30850,56968,30850,56968,-10.002566666666667,-10.114666666666666,1.1207123504967045
-10000.0,3,1,1000,-10.121,-10.121,3778,2472,30929,54908,30929,54908,-10.002566666666667,-10.114666666666666,1.1207123504967045
-12500.0,1,1,1000,-12.625,-12.625,3887,2363,30978,5702,30978,5702,-12.50567,-12.624666666666668,0.9515417140118662
-12500.0,2,1,1000,-12.624,-12.624,3886,2364,30812,4537,30812,4537,-12.50567,-12.624666666666668,0.9515417140118662
-12500.0,3,1,1000,-12.625,-12.625,3886,2364,31180,4871,31180,4871,-12.50567,-12.624666666666668,0.9515417140118662
-15000.0,1,1,1000,-15.16,-15.16,4058,2192,31166,19966,31166,19966,-15.006116666666667,-15.158000000000001,1.0121428262030974
-15000.0,2,1,1000,-15.157,-15.157,4058,2192,31012,19968,31012,19968,-15.006116666666667,-15.158000000000001,1.0121428262030974
-15000.0,3,1,1000,-15.157,-15.157,4056,2194,31088,17973,31088,17973,-15.006116666666667,-15.158000000000001,1.0121428262030974
-17500.0,1,1,1000,-17.687,-17.687,4219,2031,31026,23861,31026,23861,-17.50662,-17.68766666666667,1.0341611725545365
-17500.0,2,1,1000,-17.688,-17.688,4224,2026,31123,29144,31123,29144,-17.50662,-17.68766666666667,1.0341611725545365
-17500.0,3,1,1000,-17.688,-17.688,4220,2030,30890,24706,30890,24706,-17.50662,-17.68766666666667,1.0341611725545365
-20000.0,1,1,1000,-20.211,-20.211,4370,1880,30991,17462,30991,17462,-20.007308333333334,-20.211,1.0180863076284081
-20000.0,2,1,1000,-20.21,-20.21,4371,1879,30815,18437,30815,18437,-20.007308333333334,-20.211,1.0180863076284081
-20000.0,3,1,1000,-20.212,-20.212,4372,1878,30845,19415,30845,19415,-20.007308333333334,-20.211,1.0180863076284081
-22500.0,1,1,1000,-22.731,-22.731,4517,1733,30969,7216,30969,7216,-22.50757,-22.731666666666666,0.9956502042053601
-22500.0,2,1,1000,-22.732,-22.732,4517,1733,30893,7079,30893,7079,-22.50757,-22.731666666666666,0.9956502042053601
-22500.0,3,1,1000,-22.732,-22.732,4517,1733,30849,7007,30849,7007,-22.50757,-22.731666666666666,0.9956502042053601
-25000.0,1,1,1000,-25.28,-25.28,4722,1528,30888,56082,30888,56082,-25.007883333333332,-25.27733333333333,1.0774602408707086
-25000.0,2,1,1000,-25.274,-25.274,4710,1540,30934,43902,30934,43902,-25.007883333333332,-25.27733333333333,1.0774602408707086
-25000.0,3,1,1000,-25.278,-25.278,4719,1531,30876,53067,30876,53067,-25.007883333333332,-25.27733333333333,1.0774602408707086
-27500.0,1,1,1000,-27.791,-27.791,4846,1404,30829,22103,30829,22103,-27.50849,-27.791666666666668,1.0294155246859042
-27500.0,2,1,1000,-27.792,-27.792,4846,1404,30794,22033,30794,22033,-27.50849,-27.791666666666668,1.0294155246859042
-27500.0,3,1,1000,-27.792,-27.792,4846,1404,30932,22152,30932,22152,-27.50849,-27.791666666666668,1.0294155246859042
-30000.0,1,1,1000,-30.328,-30.328,5025,1225,30950,44560,30950,44560,-30.008550000000003,-30.329333333333334,1.0689731204384456
-30000.0,2,1,1000,-30.33,-30.33,5025,1225,30932,44452,30932,44452,-30.008550000000003,-30.329333333333334,1.0689731204384456
-30000.0,3,1,1000,-30.33,-30.33,5025,1225,30947,44466,30947,44466,-30.008550000000003,-30.329333333333334,1.0689731204384456
-32500.0,1,1,1000,-32.857,-32.857,5189,1061,30847,51551,30847,51551,-32.50859,-32.85766666666667,1.0737982381477287
-32500.0,2,1,1000,-32.86,-32.86,5194,1056,30895,56641,30895,56641,-32.50859,-32.85766666666667,1.0737982381477287
-32500.0,3,1,1000,-32.856,-32.856,5189,1061,30914,51687,30914,51687,-32.50859,-32.85766666666667,1.0737982381477287
-35000.0,1,1,1000,-35.368,-35.368,5321,929,30976,26208,30976,26208,-35.008725,-35.365,1.0176748796193056
-35000.0,2,1,1000,-35.364,-35.364,5311,939,30810,15774,30810,15774,-35.008725,-35.365,1.0176748796193056
-35000.0,3,1,1000,-35.363,-35.363,5310,940,30963,14919,30963,14919,-35.008725,-35.365,1.0176748796193056
-37500.0,1,1,1000,-37.899,-37.899,5486,764,30892,34116,30892,34116,-37.509181818181816,-37.89933333333334,1.0401493614089035
-37500.0,2,1,1000,-37.899,-37.899,5486,764,30888,34096,30888,34096,-37.509181818181816,-37.89933333333334,1.0401493614089035
-37500.0,3,1,1000,-37.9,-37.9,5486,764,30842,33972,30842,33972,-37.509181818181816,-37.89933333333334,1.0401493614089035
-40000.0,1,1,1000,-40.436,-40.436,5661,589,30848,52210,30848,52210,-40.0091,-40.43633333333333,1.0678403996424155
-40000.0,2,1,1000,-40.437,-40.437,5661,589,30800,52085,30800,52085,-40.0091,-40.43633333333333,1.0678403996424155
-40000.0,3,1,1000,-40.436,-40.436,5661,589,30868,52233,30868,52233,-40.0091,-40.43633333333333,1.0678403996424155
